date,asset,target,future_return,future_downside,future_skew,model_name,signal_value,confidence,selection_score,fold,pretrain_cutoff
2016-03-01,alternative,0.061855670103092786,0.061855670103092786,3.724793175778443e-05,-0.5056604080522525,cnn_2d_residual_small_extra_pretrained,0.0010720794089138508,,0.0010720794089138508,6,2016-02-29
2016-03-01,corp_bond_ig,0.0377027208005587,0.0377027208005587,3.9529371951186405e-07,-0.04246759949599172,cnn_2d_residual_small_extra_pretrained,0.01981775276362896,,0.01981775276362896,6,2016-02-29
2016-03-01,developed_equity,0.04918039370614524,0.04918039370614524,1.625993666628925e-05,0.46716258731514765,cnn_2d_residual_small_extra_pretrained,-0.010712901130318642,,-0.010712901130318642,6,2016-02-29
2016-03-01,emerging_equity,0.09171971961002856,0.09171971961002856,4.1812244753787427e-05,-0.2953521310158482,cnn_2d_residual_small_extra_pretrained,0.028357094153761864,,0.028357094153761864,6,2016-02-29
2016-03-01,korea_equity,0.11252607970662343,0.11252607970662343,4.5133295668497555e-05,-0.40734968639076696,cnn_2d_residual_small_extra_pretrained,0.0008764313533902168,,0.0008764313533902168,6,2016-02-29
2016-03-01,short_treasury,0.002240504777998087,0.002240504777998087,1.3218050874095417e-07,1.2615658504432035,cnn_2d_residual_small_extra_pretrained,-0.009628823027014732,,-0.009628823027014732,6,2016-02-29
2016-03-01,treasury_7_10y,0.0035600125858890053,0.0035600125858890053,3.5103046971456063e-06,0.7007004357021422,cnn_2d_residual_small_extra_pretrained,-0.004948372486978769,,-0.004948372486978769,6,2016-02-29
2016-03-02,alternative,0.05527125582961534,0.05527125582961534,3.724793175778443e-05,-0.4141641544288336,cnn_2d_residual_small_extra_pretrained,0.002922658110037446,,0.002922658110037446,6,2016-02-29
2016-03-02,corp_bond_ig,0.03972699478493369,0.03972699478493369,3.9529371951186405e-07,-0.13527915111256883,cnn_2d_residual_small_extra_pretrained,0.021253641694784164,,0.021253641694784164,6,2016-02-29
2016-03-02,developed_equity,0.03862856409176785,0.03862856409176785,1.782267004560399e-05,0.5869474789934809,cnn_2d_residual_small_extra_pretrained,-0.010390171781182289,,-0.010390171781182289,6,2016-02-29
2016-03-02,emerging_equity,0.07636707506226159,0.07636707506226159,4.185053565381056e-05,-0.13697256086834128,cnn_2d_residual_small_extra_pretrained,0.031289733946323395,,0.031289733946323395,6,2016-02-29
2016-03-02,korea_equity,0.0940348183578279,0.0940348183578279,4.9022641136623934e-05,-0.23764976318343553,cnn_2d_residual_small_extra_pretrained,0.002666296437382698,,0.002666296437382698,6,2016-02-29
2016-03-02,short_treasury,0.002830497242341412,0.002830497242341412,1.3148490197216804e-07,1.131792408359396,cnn_2d_residual_small_extra_pretrained,-0.010181179270148277,,-0.010181179270148277,6,2016-02-29
2016-03-02,treasury_7_10y,0.008961189850672957,0.008961189850672957,3.3598992451544924e-06,0.4744527409352428,cnn_2d_residual_small_extra_pretrained,-0.00236969580873847,,-0.00236969580873847,6,2016-02-29
2016-03-03,alternative,0.050761421319796884,0.050761421319796884,3.724793175778443e-05,-0.3617428192206872,cnn_2d_residual_small_extra_pretrained,0.001188312191516161,,0.001188312191516161,6,2016-02-29
2016-03-03,corp_bond_ig,0.035272627264607115,0.035272627264607115,3.9529371951186405e-07,0.04752007426837217,cnn_2d_residual_small_extra_pretrained,0.0223880335688591,,0.0223880335688591,6,2016-02-29
2016-03-03,developed_equity,0.030221807870100648,0.030221807870100648,1.8122969158266264e-05,0.7381766445165453,cnn_2d_residual_small_extra_pretrained,-0.009149234741926193,,-0.009149234741926193,6,2016-02-29
2016-03-03,emerging_equity,0.0612181852710012,0.0612181852710012,4.227675739504546e-05,0.034026685847223605,cnn_2d_residual_small_extra_pretrained,0.02994568459689617,,0.02994568459689617,6,2016-02-29
2016-03-03,korea_equity,0.06375159039909128,0.06375159039909128,5.937402661917921e-05,-0.041808684528562394,cnn_2d_residual_small_extra_pretrained,0.006868131458759308,,0.006868131458759308,6,2016-02-29
2016-03-03,short_treasury,0.0012968711476932793,0.0012968711476932793,2.0063812162959513e-07,0.9994304495084737,cnn_2d_residual_small_extra_pretrained,-0.010851843282580376,,-0.010851843282580376,6,2016-02-29
2016-03-03,treasury_7_10y,0.005936629268069593,0.005936629268069593,3.52416642890915e-06,0.5909166008407041,cnn_2d_residual_small_extra_pretrained,-0.0016486491076648235,,-0.0016486491076648235,6,2016-02-29
2016-03-04,alternative,0.03216077334916756,0.03216077334916756,4.0235188789789076e-05,-0.14449675044489194,cnn_2d_residual_small_extra_pretrained,0.0008700289763510227,,0.0008700289763510227,6,2016-02-29
2016-03-04,corp_bond_ig,0.03554001823345487,0.03554001823345487,3.937771961292363e-07,0.04060907010224791,cnn_2d_residual_small_extra_pretrained,0.022439761087298393,,0.022439761087298393,6,2016-02-29
2016-03-04,developed_equity,0.017994004961581878,0.017994004961581878,1.8461270980089365e-05,0.973866985858466,cnn_2d_residual_small_extra_pretrained,-0.00933334045112133,,-0.00933334045112133,6,2016-02-29
2016-03-04,emerging_equity,0.02803174869583147,0.02803174869583147,4.948378091997269e-05,0.19862419221371655,cnn_2d_residual_small_extra_pretrained,0.030695514753460884,,0.030695514753460884,6,2016-02-29
2016-03-04,korea_equity,0.03920379739525348,0.03920379739525348,6.18996672157583e-05,0.1655458968801774,cnn_2d_residual_small_extra_pretrained,0.007208907976746559,,0.007208907976746559,6,2016-02-29
2016-03-04,short_treasury,0.002713493649627363,0.002713493649627363,1.7562081058283766e-07,0.8219615853340186,cnn_2d_residual_small_extra_pretrained,-0.01251283846795559,,-0.01251283846795559,6,2016-02-29
2016-03-04,treasury_7_10y,0.010538800105743151,0.010538800105743151,2.9531966850868383e-06,0.5039912411422374,cnn_2d_residual_small_extra_pretrained,-0.0004087686538696289,,-0.0004087686538696289,6,2016-02-29
2016-03-07,alternative,0.008000030517578027,0.008000030517578027,5.73484805510883e-05,-0.1048540704586209,cnn_2d_residual_small_extra_pretrained,-0.0012548207305371761,,-0.0012548207305371761,6,2016-02-29
2016-03-07,corp_bond_ig,0.037675122418491025,0.037675122418491025,3.937771961292363e-07,-0.08907469837646874,cnn_2d_residual_small_extra_pretrained,0.021303627640008926,,0.021303627640008926,6,2016-02-29
2016-03-07,developed_equity,0.007548877363237727,0.007548877363237727,2.7307223767889568e-05,0.6914689272068383,cnn_2d_residual_small_extra_pretrained,-0.01177876815199852,,-0.01177876815199852,6,2016-02-29
2016-03-07,emerging_equity,0.009459913608807158,0.009459913608807158,6.850005063983804e-05,0.13310340732883694,cnn_2d_residual_small_extra_pretrained,0.028811605647206306,,0.028811605647206306,6,2016-02-29
2016-03-07,korea_equity,0.02299312923652197,0.02299312923652197,7.898981830741422e-05,0.15195577046394607,cnn_2d_residual_small_extra_pretrained,0.008908553048968315,,0.008908553048968315,6,2016-02-29
2016-03-07,short_treasury,0.003778036674780161,0.003778036674780161,1.5056169797519717e-07,0.7465053066466847,cnn_2d_residual_small_extra_pretrained,-0.01233578845858574,,-0.01233578845858574,6,2016-02-29
2016-03-07,treasury_7_10y,0.016620730332713718,0.016620730332713718,2.749955626173817e-06,0.28059340357767,cnn_2d_residual_small_extra_pretrained,0.0008509601466357708,,0.0008509601466357708,6,2016-02-29
2016-03-08,alternative,0.03350256905337878,0.03350256905337878,4.609848055108831e-05,-0.29189138872035764,cnn_2d_residual_small_extra_pretrained,0.0009770705364644527,,0.0009770705364644527,6,2016-02-29
2016-03-08,corp_bond_ig,0.031331164253916244,0.031331164253916244,4.289305790620161e-07,0.0666296394698508,cnn_2d_residual_small_extra_pretrained,0.01973765715956688,,0.01973765715956688,6,2016-02-29
2016-03-08,developed_equity,0.034436223848420155,0.034436223848420155,2.081238435421825e-05,0.578785419488584,cnn_2d_residual_small_extra_pretrained,-0.009289206936955452,,-0.009289206936955452,6,2016-02-29
2016-03-08,emerging_equity,0.03942876416832619,0.03942876416832619,5.389862391017419e-05,-0.026577611608056228,cnn_2d_residual_small_extra_pretrained,0.030187269672751427,,0.030187269672751427,6,2016-02-29
2016-03-08,korea_equity,0.06585471783327734,0.06585471783327734,5.25554417930584e-05,0.09949608143238312,cnn_2d_residual_small_extra_pretrained,0.010629106312990189,,0.010629106312990189,6,2016-02-29
2016-03-08,short_treasury,0.002713493649627363,0.002713493649627363,1.5678663558634637e-07,0.9386767774346216,cnn_2d_residual_small_extra_pretrained,-0.012978242710232735,,-0.012978242710232735,6,2016-02-29
2016-03-08,treasury_7_10y,0.008582146004587843,0.008582146004587843,2.9849248931832873e-06,0.46805632513618106,cnn_2d_residual_small_extra_pretrained,0.001001652330160141,,0.001001652330160141,6,2016-02-29
2016-03-09,alternative,0.018329970546807184,0.018329970546807184,6.12668900524207e-05,-0.29646990753266284,cnn_2d_residual_small_extra_pretrained,0.005506685469299555,,0.005506685469299555,6,2016-02-29
2016-03-09,corp_bond_ig,0.03526557114355633,0.03526557114355633,3.6563496401252945e-07,-0.10433833429033017,cnn_2d_residual_small_extra_pretrained,0.01714693009853363,,0.01714693009853363,6,2016-02-29
2016-03-09,developed_equity,0.012332751322787328,0.012332751322787328,3.0465806596891323e-05,0.5720604600746556,cnn_2d_residual_small_extra_pretrained,-0.010764012113213539,,-0.010764012113213539,6,2016-02-29
2016-03-09,emerging_equity,0.012341916931877028,0.012341916931877028,7.392241701020251e-05,0.035252224102045794,cnn_2d_residual_small_extra_pretrained,0.025101004168391228,,0.025101004168391228,6,2016-02-29
2016-03-09,korea_equity,0.04245290362545684,0.04245290362545684,6.455996407079458e-05,0.21353192433063653,cnn_2d_residual_small_extra_pretrained,0.012435423210263252,,0.012435423210263252,6,2016-02-29
2016-03-09,short_treasury,0.0036586515556698007,0.0036586515556698007,1.5052345041088443e-07,0.7733927986981398,cnn_2d_residual_small_extra_pretrained,-0.012924592941999435,,-0.012924592941999435,6,2016-02-29
2016-03-09,treasury_7_10y,0.017781874138764753,0.017781874138764753,2.2143029587812224e-06,0.34125964184580615,cnn_2d_residual_small_extra_pretrained,0.0006249458529055119,,0.0006249458529055119,6,2016-02-29
2016-03-10,alternative,0.02650355264589499,0.02650355264589499,6.121504183829315e-05,-0.39817369584061213,cnn_2d_residual_small_extra_pretrained,0.007730494718998671,,0.007730494718998671,6,2016-02-29
2016-03-10,corp_bond_ig,0.02864785324281205,0.02864785324281205,6.209761226849792e-07,0.01687771866029561,cnn_2d_residual_small_extra_pretrained,0.016314109787344933,,0.016314109787344933,6,2016-02-29
2016-03-10,developed_equity,0.028490393893662036,0.028490393893662036,2.971954057381062e-05,0.3515991226198502,cnn_2d_residual_small_extra_pretrained,-0.00837099738419056,,-0.00837099738419056,6,2016-02-29
2016-03-10,emerging_equity,0.028342637387277714,0.028342637387277714,7.392241701020251e-05,-0.05560456458985169,cnn_2d_residual_small_extra_pretrained,0.02598588541150093,,0.02598588541150093,6,2016-02-29
2016-03-10,korea_equity,0.037926186800270045,0.037926186800270045,6.455996407079458e-05,0.2336129906752098,cnn_2d_residual_small_extra_pretrained,0.013107271865010262,,0.013107271865010262,6,2016-02-29
2016-03-10,short_treasury,0.0037771445964760453,0.0037771445964760453,1.4982669381622412e-07,0.7566089085997143,cnn_2d_residual_small_extra_pretrained,-0.013080595061182976,,-0.013080595061182976,6,2016-02-29
2016-03-10,treasury_7_10y,0.019869411096498757,0.019869411096498757,1.6925726176799531e-06,0.43036449810395805,cnn_2d_residual_small_extra_pretrained,-7.391022518277168e-05,,-7.391022518277168e-05,6,2016-02-29
2016-03-11,alternative,0.007984062635960631,0.007984062635960631,6.121504183829315e-05,-0.6226389674398796,cnn_2d_residual_small_extra_pretrained,0.005033743567764759,,0.005033743567764759,6,2016-02-29
2016-03-11,corp_bond_ig,0.02564098860986963,0.02564098860986963,6.213281125556783e-07,0.19618331575488296,cnn_2d_residual_small_extra_pretrained,0.019039342179894447,,0.019039342179894447,6,2016-02-29
2016-03-11,developed_equity,0.00043717251670272184,0.00043717251670272184,3.06660626713628e-05,-0.08655884335529251,cnn_2d_residual_small_extra_pretrained,-0.010492540895938873,,-0.010492540895938873,6,2016-02-29
2016-03-11,emerging_equity,0.020217320337424516,0.020217320337424516,7.392241701020251e-05,-0.11089795834251728,cnn_2d_residual_small_extra_pretrained,0.02417617291212082,,0.02417617291212082,6,2016-02-29
2016-03-11,korea_equity,0.026061197533227887,0.026061197533227887,6.455996407079457e-05,0.24127319628596453,cnn_2d_residual_small_extra_pretrained,0.015476580709218979,,0.015476580709218979,6,2016-02-29
2016-03-11,short_treasury,0.004607743294668953,0.004607743294668953,1.0593243735529689e-07,0.9122497889009937,cnn_2d_residual_small_extra_pretrained,-0.01240578107535839,,-0.01240578107535839,6,2016-02-29
2016-03-11,treasury_7_10y,0.022601447543866282,0.022601447543866282,1.287618910150433e-06,0.4660097749864467,cnn_2d_residual_small_extra_pretrained,-0.0006532142870128155,,-0.0006532142870128155,6,2016-02-29
2016-03-14,alternative,0.017857096903449943,0.017857096903449943,6.121504183829315e-05,-0.5435559129820396,cnn_2d_residual_small_extra_pretrained,0.006764186546206474,,0.006764186546206474,6,2016-02-29
2016-03-14,corp_bond_ig,0.018617071412076802,0.018617071412076802,1.3986508794841677e-06,0.102110582218202,cnn_2d_residual_small_extra_pretrained,0.013720415532588959,,0.013720415532588959,6,2016-02-29
2016-03-14,developed_equity,0.015506108091421389,0.015506108091421389,2.9948231398785914e-05,-0.23123207297330986,cnn_2d_residual_small_extra_pretrained,-0.007729654666036367,,-0.007729654666036367,6,2016-02-29
2016-03-14,emerging_equity,0.04219803467807792,0.04219803467807792,7.210133997842586e-05,-0.2917173384756552,cnn_2d_residual_small_extra_pretrained,0.022517623379826546,,0.022517623379826546,6,2016-02-29
2016-03-14,korea_equity,0.044187844980852375,0.044187844980852375,6.128370324534342e-05,0.061247371523787356,cnn_2d_residual_small_extra_pretrained,0.014837687835097313,,0.014837687835097313,6,2016-02-29
2016-03-14,short_treasury,0.004371488058248829,0.004371488058248829,1.0869772203760552e-07,0.9316232784908982,cnn_2d_residual_small_extra_pretrained,-0.01170370914041996,,-0.01170370914041996,6,2016-02-29
2016-03-14,treasury_7_10y,0.017791300197746773,0.017791300197746773,2.0753785618149716e-06,0.3719155426556266,cnn_2d_residual_small_extra_pretrained,-0.001558221410959959,,-0.001558221410959959,6,2016-02-29
2016-03-15,alternative,0.04404405864537542,0.04404405864537542,5.722905917608837e-05,-0.6914224070909905,cnn_2d_residual_small_extra_pretrained,0.003729758784174919,,0.003729758784174919,6,2016-02-29
2016-03-15,corp_bond_ig,0.022485434449572184,0.022485434449572184,1.3927622963890874e-06,-0.08499307323532466,cnn_2d_residual_small_extra_pretrained,0.007603239733725786,,0.007603239733725786,6,2016-02-29
2016-03-15,developed_equity,0.03343596858287268,0.03343596858287268,2.963902079720978e-05,-0.2732543006467204,cnn_2d_residual_small_extra_pretrained,-0.008944081142544746,,-0.008944081142544746,6,2016-02-29
2016-03-15,emerging_equity,0.07607013591459211,0.07607013591459211,6.19221370380566e-05,-0.5002432856996732,cnn_2d_residual_small_extra_pretrained,0.017457930371165276,,0.017457930371165276,6,2016-02-29
2016-03-15,korea_equity,0.061837103804345483,0.061837103804345483,5.9839595109270206e-05,-0.11792075788632887,cnn_2d_residual_small_extra_pretrained,0.01397110428661108,,0.01397110428661108,6,2016-02-29
2016-03-15,short_treasury,0.003543203711416254,0.003543203711416254,1.1976828772088798e-07,1.0157205821544848,cnn_2d_residual_small_extra_pretrained,-0.005612693261355162,,-0.005612693261355162,6,2016-02-29
2016-03-15,treasury_7_10y,0.018716566443226945,0.018716566443226945,2.073678298648774e-06,0.32901789928520164,cnn_2d_residual_small_extra_pretrained,-0.003701393958181143,,-0.003701393958181143,6,2016-02-29
2016-03-16,alternative,0.02564101020706122,0.02564101020706122,5.7642727919623546e-05,-0.5879980289316272,cnn_2d_residual_small_extra_pretrained,0.004882169887423515,,0.004882169887423515,6,2016-02-29
2016-03-16,corp_bond_ig,0.016911476738753484,0.016911476738753484,1.4153075264527584e-06,0.06060481258092808,cnn_2d_residual_small_extra_pretrained,0.0027222083881497383,,0.0027222083881497383,6,2016-02-29
2016-03-16,developed_equity,0.02664533813225356,0.02664533813225356,2.963902079720978e-05,-0.1707562933322093,cnn_2d_residual_small_extra_pretrained,-0.007947159931063652,,-0.007947159931063652,6,2016-02-29
2016-03-16,emerging_equity,0.04981888825758518,0.04981888825758518,6.310575820842736e-05,-0.36675608061320936,cnn_2d_residual_small_extra_pretrained,0.013787727802991867,,0.013787727802991867,6,2016-02-29
2016-03-16,korea_equity,0.03742896126007733,0.03742896126007733,6.009534641687754e-05,0.00023861233279248546,cnn_2d_residual_small_extra_pretrained,0.010092017240822315,,0.010092017240822315,6,2016-02-29
2016-03-16,short_treasury,0.0015323537060838444,0.0015323537060838444,1.1976828772088798e-07,0.8988865826023326,cnn_2d_residual_small_extra_pretrained,-0.004086993169039488,,-0.004086993169039488,6,2016-02-29
2016-03-16,treasury_7_10y,0.01100618720601676,0.01100618720601676,2.3505333287969872e-06,0.5346202960666906,cnn_2d_residual_small_extra_pretrained,-0.0025893491692841053,,-0.0025893491692841053,6,2016-02-29
2016-03-17,alternative,0.01265825793951092,0.01265825793951092,5.7642727919623546e-05,-0.5181525478356838,cnn_2d_residual_small_extra_pretrained,0.003966399468481541,,0.003966399468481541,6,2016-02-29
2016-03-17,corp_bond_ig,0.018051729164815455,0.018051729164815455,1.4153075264527584e-06,0.07469728722276422,cnn_2d_residual_small_extra_pretrained,-0.008857300505042076,,-0.008857300505042076,6,2016-02-29
2016-03-17,developed_equity,0.017368716764261993,0.017368716764261993,3.012578510937684e-05,-0.014803934171292842,cnn_2d_residual_small_extra_pretrained,-0.009019019082188606,,-0.009019019082188606,6,2016-02-29
2016-03-17,emerging_equity,0.02127034721297183,0.02127034721297183,6.476009495401592e-05,-0.31904456511917934,cnn_2d_residual_small_extra_pretrained,0.010506631806492805,,0.010506631806492805,6,2016-02-29
2016-03-17,korea_equity,0.010524360302766933,0.010524360302766933,6.039683474691292e-05,-0.01719080314619685,cnn_2d_residual_small_extra_pretrained,0.011292407289147377,,0.011292407289147377,6,2016-02-29
2016-03-17,short_treasury,0.002357620463577126,0.002357620463577126,1.1907439639128214e-07,0.6860850713414429,cnn_2d_residual_small_extra_pretrained,-0.001774671021848917,,-0.001774671021848917,6,2016-02-29
2016-03-17,treasury_7_10y,0.01291796622083008,0.01291796622083008,2.3505333287969872e-06,0.43624945373007995,cnn_2d_residual_small_extra_pretrained,-0.0025939377956092358,,-0.0025939377956092358,6,2016-02-29
2016-03-18,alternative,0.025465215602134217,0.025465215602134217,5.593613698326687e-05,-0.6961975292783948,cnn_2d_residual_small_extra_pretrained,0.00220287824049592,,0.00220287824049592,6,2016-02-29
2016-03-18,corp_bond_ig,0.016821029414099797,0.016821029414099797,1.4153075264527584e-06,0.14590750236454256,cnn_2d_residual_small_extra_pretrained,-0.013046534731984138,,-0.013046534731984138,6,2016-02-29
2016-03-18,developed_equity,0.023437428426138274,0.023437428426138274,3.012578510937684e-05,-0.11286348478331072,cnn_2d_residual_small_extra_pretrained,-0.007719869259744883,,-0.007719869259744883,6,2016-02-29
2016-03-18,emerging_equity,0.020570108376416263,0.020570108376416263,6.476009495401592e-05,-0.3114724672024533,cnn_2d_residual_small_extra_pretrained,0.006517582572996616,,0.006517582572996616,6,2016-02-29
2016-03-18,korea_equity,0.02052166680762668,0.02052166680762668,6.013321011750513e-05,-0.14301481453373668,cnn_2d_residual_small_extra_pretrained,0.009437566623091698,,0.009437566623091698,6,2016-02-29
2016-03-18,short_treasury,0.002003514107276727,0.002003514107276727,1.1976624518723261e-07,0.7698157465892582,cnn_2d_residual_small_extra_pretrained,-0.0012890142388641834,,-0.0012890142388641834,6,2016-02-29
2016-03-18,treasury_7_10y,0.01015182593313213,0.01015182593313213,2.4000286507153556e-06,0.5693467719787814,cnn_2d_residual_small_extra_pretrained,-0.002664910163730383,,-0.002664910163730383,6,2016-02-29
2016-03-21,alternative,0.03609753120236259,0.03609753120236259,5.593613698326687e-05,-0.6882343688834437,cnn_2d_residual_small_extra_pretrained,0.0003464645706117153,,0.0003464645706117153,6,2016-02-29
2016-03-21,corp_bond_ig,0.019903070284588598,0.019903070284588598,1.34457884265659e-06,-0.013970316565434987,cnn_2d_residual_small_extra_pretrained,-0.013311060145497322,,-0.013311060145497322,6,2016-02-29
2016-03-21,developed_equity,0.033694891968768736,0.033694891968768736,3.012578510937684e-05,-0.22636864764487385,cnn_2d_residual_small_extra_pretrained,-0.010725488886237144,,-0.010725488886237144,6,2016-02-29
2016-03-21,emerging_equity,0.034017592355391146,0.034017592355391146,6.476009495401592e-05,-0.37269656079632973,cnn_2d_residual_small_extra_pretrained,0.00566891860216856,,0.00566891860216856,6,2016-02-29
2016-03-21,korea_equity,0.037051263189138206,0.037051263189138206,6.008723162628925e-05,-0.25971878169781554,cnn_2d_residual_small_extra_pretrained,0.00938090868294239,,0.00938090868294239,6,2016-02-29
2016-03-21,short_treasury,0.0017680520079408346,0.0017680520079408346,1.2529639552067665e-07,0.790256986215842,cnn_2d_residual_small_extra_pretrained,0.0020889821462333202,,0.0020889821462333202,6,2016-02-29
2016-03-21,treasury_7_10y,0.01137299713521589,0.01137299713521589,2.130915017348194e-06,0.5954681874831762,cnn_2d_residual_small_extra_pretrained,-0.003679519984871149,,-0.003679519984871149,6,2016-02-29
2016-03-22,alternative,0.03216377291263006,0.03216377291263006,5.6335116179907676e-05,-0.626365772928173,cnn_2d_residual_small_extra_pretrained,0.000348696019500494,,0.000348696019500494,6,2016-02-29
2016-03-22,corp_bond_ig,0.019003011384148838,0.019003011384148838,1.5481996322785334e-06,-0.05475763197717606,cnn_2d_residual_small_extra_pretrained,-0.012566762045025826,,-0.012566762045025826,6,2016-02-29
2016-03-22,developed_equity,0.03554398377422552,0.03554398377422552,3.012578510937684e-05,-0.2591390131737205,cnn_2d_residual_small_extra_pretrained,-0.008142560720443726,,-0.008142560720443726,6,2016-02-29
2016-03-22,emerging_equity,0.03174597301073678,0.03174597301073678,6.551445632627642e-05,-0.3446761992844841,cnn_2d_residual_small_extra_pretrained,0.0052909571677446365,,0.0052909571677446365,6,2016-02-29
2016-03-22,korea_equity,0.02556764274926926,0.02556764274926926,6.133631042876159e-05,-0.11810015227607193,cnn_2d_residual_small_extra_pretrained,0.008703198283910751,,0.008703198283910751,6,2016-02-29
2016-03-22,short_treasury,0.0016511308896896004,0.0016511308896896004,1.3285054919474066e-07,0.7559373205615008,cnn_2d_residual_small_extra_pretrained,0.0016084983944892883,,0.0016084983944892883,6,2016-02-29
2016-03-22,treasury_7_10y,0.008363933889615316,0.008363933889615316,3.1979398315996033e-06,0.3586797706171969,cnn_2d_residual_small_extra_pretrained,-0.0037263412959873676,,-0.0037263412959873676,6,2016-02-29
2016-03-23,alternative,0.043737590383868596,0.043737590383868596,4.094722565654144e-05,-0.5168766919830979,cnn_2d_residual_small_extra_pretrained,-0.000876306090503931,,-0.000876306090503931,6,2016-02-29
2016-03-23,corp_bond_ig,0.013481399906537739,0.013481399906537739,1.5569423390881876e-06,0.01553331993328626,cnn_2d_residual_small_extra_pretrained,-0.01276102289557457,,-0.01276102289557457,6,2016-02-29
2016-03-23,developed_equity,0.03992972967483954,0.03992972967483954,2.59231431610389e-05,-0.21195235641359123,cnn_2d_residual_small_extra_pretrained,-0.009267603978514671,,-0.009267603978514671,6,2016-02-29
2016-03-23,emerging_equity,0.03917468382443956,0.03917468382443956,5.595280234322816e-05,-0.3186540203569465,cnn_2d_residual_small_extra_pretrained,0.0011936924420297146,,0.0011936924420297146,6,2016-02-29
2016-03-23,korea_equity,0.036656309916769825,0.036656309916769825,4.9742319737996176e-05,-0.103109572452412,cnn_2d_residual_small_extra_pretrained,0.008222399279475212,,0.008222399279475212,6,2016-02-29
2016-03-23,short_treasury,0.0008251688736515828,0.0008251688736515828,1.3562234952618745e-07,0.9604887525572837,cnn_2d_residual_small_extra_pretrained,0.0044660139828920364,,0.0044660139828920364,6,2016-02-29
2016-03-23,treasury_7_10y,0.0021042609434345216,0.0021042609434345216,3.332533324636755e-06,0.5804066064704986,cnn_2d_residual_small_extra_pretrained,-0.0027846493758261204,,-0.0027846493758261204,6,2016-02-29
2016-03-24,alternative,0.052894243644493466,0.052894243644493466,4.0156733887675545e-05,-0.6609337480598854,cnn_2d_residual_small_extra_pretrained,0.0005638650618493557,,0.0005638650618493557,6,2016-02-29
2016-03-24,corp_bond_ig,0.015014032416869716,0.015014032416869716,1.5479548006460646e-06,-0.08352910408487153,cnn_2d_residual_small_extra_pretrained,-0.013118861243128777,,-0.013118861243128777,6,2016-02-29
2016-03-24,developed_equity,0.042646386985347284,0.042646386985347284,2.59231431610389e-05,-0.25998582757360367,cnn_2d_residual_small_extra_pretrained,-0.00556824030354619,,-0.00556824030354619,6,2016-02-29
2016-03-24,emerging_equity,0.03537171113868709,0.03537171113868709,5.7492627423144226e-05,-0.27517993427943876,cnn_2d_residual_small_extra_pretrained,-0.0016559646464884281,,-0.0016559646464884281,6,2016-02-29
2016-03-24,korea_equity,0.02560123467157238,0.02560123467157238,5.5428541840860014e-05,-0.012921743423092349,cnn_2d_residual_small_extra_pretrained,0.006917078513652086,,0.006917078513652086,6,2016-02-29
2016-03-24,short_treasury,0.0012971769621803464,0.0012971769621803464,1.2451161162652016e-07,0.9188786982670604,cnn_2d_residual_small_extra_pretrained,0.0038122814148664474,,0.0038122814148664474,6,2016-02-29
2016-03-24,treasury_7_10y,0.002014847658064589,0.002014847658064589,3.341901292541193e-06,0.5835096736376889,cnn_2d_residual_small_extra_pretrained,-0.0028854445554316044,,-0.0028854445554316044,6,2016-02-29
2016-03-28,alternative,0.04473161101645151,0.04473161101645151,4.087550130397551e-05,-0.5303087757477124,cnn_2d_residual_small_extra_pretrained,0.0023942487314343452,,0.0023942487314343452,6,2016-02-29
2016-03-28,corp_bond_ig,0.012037963546680075,0.012037963546680075,1.8217387119800533e-06,0.01114810392256991,cnn_2d_residual_small_extra_pretrained,-0.013451563194394112,,-0.013451563194394112,6,2016-02-29
2016-03-28,developed_equity,0.03320225484333794,0.03320225484333794,2.7822494994355897e-05,-0.12114608851678915,cnn_2d_residual_small_extra_pretrained,-0.008535111322999,,-0.008535111322999,6,2016-02-29
2016-03-28,emerging_equity,0.025395830389014717,0.025395830389014717,5.9521129683517365e-05,-0.15279112356963467,cnn_2d_residual_small_extra_pretrained,-0.006039320025593042,,-0.006039320025593042,6,2016-02-29
2016-03-28,korea_equity,0.021907662142377715,0.021907662142377715,5.594530919688107e-05,0.03384285085577853,cnn_2d_residual_small_extra_pretrained,0.00562360929325223,,0.00562360929325223,6,2016-02-29
2016-03-28,short_treasury,0.0008252734623446223,0.0008252734623446223,1.2728683412251302e-07,1.0257192624434832,cnn_2d_residual_small_extra_pretrained,0.006585044786334038,,0.006585044786334038,6,2016-02-29
2016-03-28,treasury_7_10y,-0.0005486745261176207,-0.0005486745261176207,3.4020516636975885e-06,0.717207192898386,cnn_2d_residual_small_extra_pretrained,-0.0035085747949779034,,-0.0035085747949779034,6,2016-02-29
2016-03-29,alternative,0.036274479884727207,0.036274479884727207,4.0875501303975515e-05,-0.5417692165746603,cnn_2d_residual_small_extra_pretrained,0.0037965653464198112,,0.0037965653464198112,6,2016-02-29
2016-03-29,corp_bond_ig,0.007089239449990847,0.007089239449990847,1.8305080610648366e-06,0.08817711033701575,cnn_2d_residual_small_extra_pretrained,-0.012817684561014175,,-0.012817684561014175,6,2016-02-29
2016-03-29,developed_equity,0.025237959221577233,0.025237959221577233,2.7822494994355897e-05,-0.027512157832556186,cnn_2d_residual_small_extra_pretrained,-0.0017740395851433277,,-0.0017740395851433277,6,2016-02-29
2016-03-29,emerging_equity,0.022399007211835187,0.022399007211835187,5.9521129683517365e-05,-0.1523647550399986,cnn_2d_residual_small_extra_pretrained,-0.005591843742877245,,-0.005591843742877245,6,2016-02-29
2016-03-29,korea_equity,0.00796960460844387,0.00796960460844387,5.594530919688107e-05,-0.09977696634689455,cnn_2d_residual_small_extra_pretrained,0.003737116465345025,,0.003737116465345025,6,2016-02-29
2016-03-29,short_treasury,-0.0012944293481554903,-0.0012944293481554903,1.300612472628713e-07,-0.19183183194771639,cnn_2d_residual_small_extra_pretrained,0.0029307431541383266,,0.0029307431541383266,6,2016-02-29
2016-03-29,treasury_7_10y,-0.009355970692700999,-0.009355970692700999,3.623502586545401e-06,0.6750453414103232,cnn_2d_residual_small_extra_pretrained,-0.0009536324068903923,,-0.0009536324068903923,6,2016-02-29
2016-03-30,alternative,0.028155354620183592,0.028155354620183592,4.087550130397551e-05,-0.4688782458912358,cnn_2d_residual_small_extra_pretrained,0.0032449541613459587,,0.0032449541613459587,6,2016-02-29
2016-03-30,corp_bond_ig,0.014702136765553098,0.014702136765553098,1.7607075012699807e-06,0.27408969330163757,cnn_2d_residual_small_extra_pretrained,-0.012241410091519356,,-0.012241410091519356,6,2016-02-29
2016-03-30,developed_equity,0.021645562795241213,0.021645562795241213,2.7822494994355897e-05,0.02987940065344382,cnn_2d_residual_small_extra_pretrained,-0.00019860314205288887,,-0.00019860314205288887,6,2016-02-29
2016-03-30,emerging_equity,0.01808642849067077,0.01808642849067077,5.9521129683517365e-05,-0.12012619176477407,cnn_2d_residual_small_extra_pretrained,-0.00796622596681118,,-0.00796622596681118,6,2016-02-29
2016-03-30,korea_equity,-0.002251881113161436,-0.002251881113161436,5.594530919688107e-05,-0.006840579167285738,cnn_2d_residual_small_extra_pretrained,0.014647090807557106,,0.014647090807557106,6,2016-02-29
2016-03-30,short_treasury,-0.0007059366996328142,-0.0007059366996328142,1.3006124726287126e-07,-0.14524560626701497,cnn_2d_residual_small_extra_pretrained,0.007085736840963364,,0.007085736840963364,6,2016-02-29
2016-03-30,treasury_7_10y,-0.0025468325730307884,-0.0025468325730307884,3.5306868823125975e-06,0.5786188009431255,cnn_2d_residual_small_extra_pretrained,0.004860748536884785,,0.004860748536884785,6,2016-02-29
2016-03-31,alternative,0.010669238510194523,0.010669238510194523,5.3760318258980754e-05,-0.3756470386938444,cnn_2d_residual_small_extra_pretrained,0.009222239255905151,,0.009222239255905151,6,2016-02-29
2016-03-31,corp_bond_ig,0.011614183276909218,0.011614183276909218,1.7607075012699802e-06,0.3911953751067096,cnn_2d_residual_small_extra_pretrained,-0.014746420085430145,,-0.014746420085430145,6,2016-02-29
2016-03-31,developed_equity,0.01715431403915213,0.01715431403915213,3.122193694282127e-05,0.022670048081521444,cnn_2d_residual_small_extra_pretrained,0.0039396085776388645,,0.0039396085776388645,6,2016-02-29
2016-03-31,emerging_equity,0.008467180015396814,0.008467180015396814,6.480300972301269e-05,-0.029639248645564192,cnn_2d_residual_small_extra_pretrained,-0.00876476801931858,,-0.00876476801931858,6,2016-02-29
2016-03-31,korea_equity,0.0005679435719461168,0.0005679435719461168,5.386703625283509e-05,-0.028880157758679397,cnn_2d_residual_small_extra_pretrained,0.01357683353126049,,0.01357683353126049,6,2016-02-29
2016-03-31,short_treasury,-0.0005879739278021878,-0.0005879739278021878,1.3006124726287126e-07,-0.12746320092447255,cnn_2d_residual_small_extra_pretrained,0.005045527592301369,,0.005045527592301369,6,2016-02-29
2016-03-31,treasury_7_10y,-0.002718827554104797,-0.002718827554104797,3.5306868823125975e-06,0.5791638668254723,cnn_2d_residual_small_extra_pretrained,0.004802767653018236,,0.004802767653018236,6,2016-02-29
2016-04-01,alternative,0.0038647490423082687,0.0038647490423082687,5.417476034174692e-05,-0.27206115451618335,cnn_2d_residual_small_extra_pretrained,0.007603866513818502,,0.007603866513818502,6,2016-02-29
2016-04-01,corp_bond_ig,0.012282317243528462,0.012282317243528462,1.7607075012699802e-06,0.34740019124819405,cnn_2d_residual_small_extra_pretrained,-0.01489030010998249,,-0.01489030010998249,6,2016-02-29
2016-04-01,developed_equity,0.01315034251793401,0.01315034251793401,3.295526823862702e-05,0.06678924480373831,cnn_2d_residual_small_extra_pretrained,0.0020447340793907642,,0.0020447340793907642,6,2016-02-29
2016-04-01,emerging_equity,0.007027755579678718,0.007027755579678718,6.531979878624913e-05,-0.01248404480761092,cnn_2d_residual_small_extra_pretrained,-0.010040752589702606,,-0.010040752589702606,6,2016-02-29
2016-04-01,korea_equity,0.0036496085612180984,0.0036496085612180984,4.99600188517958e-05,-0.0031055945885512973,cnn_2d_residual_small_extra_pretrained,0.010530881583690643,,0.010530881583690643,6,2016-02-29
2016-04-01,short_treasury,0.000941973752116132,0.000941973752116132,6.090802760544413e-08,0.3109551694225383,cnn_2d_residual_small_extra_pretrained,0.006093865260481834,,0.006093865260481834,6,2016-02-29
2016-04-01,treasury_7_10y,-0.0012711039624501153,-0.0012711039624501153,3.373026765339845e-06,0.5231092721025475,cnn_2d_residual_small_extra_pretrained,0.00661678658798337,,0.00661678658798337,6,2016-02-29
2016-04-04,alternative,0.017526807256527777,0.017526807256527777,5.118750330974227e-05,-0.4627956298723024,cnn_2d_residual_small_extra_pretrained,0.009171143174171448,,0.009171143174171448,6,2016-02-29
2016-04-04,corp_bond_ig,0.008159499016772154,0.008159499016772154,2.5563366892605774e-06,0.2492384217372882,cnn_2d_residual_small_extra_pretrained,-0.014121897518634796,,-0.014121897518634796,6,2016-02-29
2016-04-04,developed_equity,0.029266942490700165,0.029266942490700165,3.2616966416803924e-05,-0.08118633791978844,cnn_2d_residual_small_extra_pretrained,0.0050041587091982365,,0.0050041587091982365,6,2016-02-29
2016-04-04,emerging_equity,0.016597437188367037,0.016597437188367037,5.845522131011942e-05,-0.07987762110602782,cnn_2d_residual_small_extra_pretrained,-0.01081429235637188,,-0.01081429235637188,6,2016-02-29
2016-04-04,korea_equity,0.017218093015886282,0.017218093015886282,4.743437825521669e-05,-0.1845953957207988,cnn_2d_residual_small_extra_pretrained,0.008757904171943665,,0.008757904171943665,6,2016-02-29
2016-04-04,short_treasury,-0.0007059366996328142,-0.0007059366996328142,1.0519029033857397e-07,0.11641262078670994,cnn_2d_residual_small_extra_pretrained,0.004601278342306614,,0.004601278342306614,6,2016-02-29
2016-04-04,treasury_7_10y,-0.006801487465603939,-0.006801487465603939,4.325106197850254e-06,0.5932338361340792,cnn_2d_residual_small_extra_pretrained,0.0065368725918233395,,0.0065368725918233395,6,2016-02-29
2016-04-05,alternative,0.01884914522779102,0.01884914522779102,4.890908706108007e-05,-0.42645419884354063,cnn_2d_residual_small_extra_pretrained,0.009403690695762634,,0.009403690695762634,6,2016-02-29
2016-04-05,corp_bond_ig,0.006707994365533043,0.006707994365533043,2.5563366892605774e-06,0.29760062754620215,cnn_2d_residual_small_extra_pretrained,-0.014513229951262474,,-0.014513229951262474,6,2016-02-29
2016-04-05,developed_equity,0.029528458134888247,0.029528458134888247,3.227520238182284e-05,-0.07413111101906734,cnn_2d_residual_small_extra_pretrained,0.001999287400394678,,0.001999287400394678,6,2016-02-29
2016-04-05,emerging_equity,0.007557436099211667,0.007557436099211667,7.931028652493056e-05,-0.3958612079764979,cnn_2d_residual_small_extra_pretrained,-0.010458985343575478,,-0.010458985343575478,6,2016-02-29
2016-04-05,korea_equity,0.015575652244022686,0.015575652244022686,5.0533004839817e-05,-0.24655530867222178,cnn_2d_residual_small_extra_pretrained,0.007463706657290459,,0.007463706657290459,6,2016-02-29
2016-04-05,short_treasury,0.0,0.0,1.0519029033857397e-07,0.39019875919390473,cnn_2d_residual_small_extra_pretrained,0.009207936935126781,,0.009207936935126781,6,2016-02-29
2016-04-05,treasury_7_10y,-0.004877616475412516,-0.004877616475412516,4.325106197850254e-06,0.690008252619258,cnn_2d_residual_small_extra_pretrained,0.006835333537310362,,0.006835333537310362,6,2016-02-29
2016-04-06,alternative,0.006876197713729937,0.006876197713729937,4.9098703453932315e-05,-0.2982803064040957,cnn_2d_residual_small_extra_pretrained,0.006931101903319359,,0.006931101903319359,6,2016-02-29
2016-04-06,corp_bond_ig,0.005874428723811498,0.005874428723811498,2.659929181783009e-06,0.3213718345869331,cnn_2d_residual_small_extra_pretrained,-0.014135567471385002,,-0.014135567471385002,6,2016-02-29
2016-04-06,developed_equity,0.0024606427464319847,0.0024606427464319847,3.912076546358234e-05,0.05887539530108725,cnn_2d_residual_small_extra_pretrained,0.0030633974820375443,,0.0030633974820375443,6,2016-02-29
2016-04-06,emerging_equity,-0.02060927825995107,-0.02060927825995107,9.243495438014662e-05,-0.1772352625825047,cnn_2d_residual_small_extra_pretrained,-0.01159750297665596,,-0.01159750297665596,6,2016-02-29
2016-04-06,korea_equity,-0.021111759249236806,-0.021111759249236806,6.826379453248297e-05,-0.25710190759241647,cnn_2d_residual_small_extra_pretrained,-0.001328029204159975,,-0.001328029204159975,6,2016-02-29
2016-04-06,short_treasury,0.0002353720786416602,0.0002353720786416602,9.96563090196477e-08,0.3454894689685366,cnn_2d_residual_small_extra_pretrained,0.00324833020567894,,0.00324833020567894,6,2016-02-29
2016-04-06,treasury_7_10y,-0.0009052093148916862,-0.0009052093148916862,4.0901369308407835e-06,0.5133503544599152,cnn_2d_residual_small_extra_pretrained,0.007400922942906618,,0.007400922942906618,6,2016-02-29
2016-04-07,alternative,0.02300003051757815,0.02300003051757815,3.3656831645190245e-05,-0.2292768138116983,cnn_2d_residual_small_extra_pretrained,0.006482097320258617,,0.006482097320258617,6,2016-02-29
2016-04-07,corp_bond_ig,0.00518911198332761,0.00518911198332761,2.659929181783009e-06,0.34754816696589874,cnn_2d_residual_small_extra_pretrained,-0.013881972059607506,,-0.013881972059607506,6,2016-02-29
2016-04-07,developed_equity,0.017613454073293955,0.017613454073293955,2.9467343220909265e-05,0.033336751828841264,cnn_2d_residual_small_extra_pretrained,0.004298736806958914,,0.004298736806958914,6,2016-02-29
2016-04-07,emerging_equity,-0.0009144344022662398,-0.0009144344022662398,7.241581363331001e-05,-0.2640365370454462,cnn_2d_residual_small_extra_pretrained,-0.012286854907870293,,-0.012286854907870293,6,2016-02-29
2016-04-07,korea_equity,-0.00806617445091029,-0.00806617445091029,5.654116369316947e-05,-0.3485014704303318,cnn_2d_residual_small_extra_pretrained,-0.003602872136980295,,-0.003602872136980295,6,2016-02-29
2016-04-07,short_treasury,0.0,0.0,9.96563090196477e-08,0.37670192289058757,cnn_2d_residual_small_extra_pretrained,0.004390740767121315,,0.004390740767121315,6,2016-02-29
2016-04-07,treasury_7_10y,-0.003332157272436409,-0.003332157272436409,4.090136930840785e-06,0.4911911513856904,cnn_2d_residual_small_extra_pretrained,0.008238080888986588,,0.008238080888986588,6,2016-02-29
2016-04-08,alternative,0.016881873179306117,0.016881873179306117,3.3656831645190245e-05,-0.14151640728323872,cnn_2d_residual_small_extra_pretrained,0.005234591197222471,,0.005234591197222471,6,2016-02-29
2016-04-08,corp_bond_ig,0.005284768545057661,0.005284768545057661,2.638923386723594e-06,0.3487495983751327,cnn_2d_residual_small_extra_pretrained,-0.013725318014621735,,-0.013725318014621735,6,2016-02-29
2016-04-08,developed_equity,0.0044960870443691014,0.0044960870443691014,2.951831383597396e-05,0.15908276018814088,cnn_2d_residual_small_extra_pretrained,0.01189288031309843,,0.01189288031309843,6,2016-02-29
2016-04-08,emerging_equity,-0.01647690891136333,-0.01647690891136333,7.241581363331001e-05,-0.2803607368677255,cnn_2d_residual_small_extra_pretrained,-0.013559667393565178,,-0.013559667393565178,6,2016-02-29
2016-04-08,korea_equity,-0.01904760986791365,-0.01904760986791365,5.654116369316947e-05,-0.32769089140808527,cnn_2d_residual_small_extra_pretrained,-0.004516557324677706,,-0.004516557324677706,6,2016-02-29
2016-04-08,short_treasury,-0.0002352336811568545,-0.0002352336811568545,1.0242305325717676e-07,0.44272308229094315,cnn_2d_residual_small_extra_pretrained,0.004761372692883015,,0.004761372692883015,6,2016-02-29
2016-04-08,treasury_7_10y,-0.004148994976793663,-0.004148994976793663,4.2488996711730584e-06,0.508077347634412,cnn_2d_residual_small_extra_pretrained,0.00896240584552288,,0.00896240584552288,6,2016-02-29
2016-04-11,alternative,0.01089107400119893,0.01089107400119893,3.408599380597657e-05,-0.036235515671582695,cnn_2d_residual_small_extra_pretrained,0.006899499334394932,,0.006899499334394932,6,2016-02-29
2016-04-11,corp_bond_ig,0.004362452061863031,0.004362452061863031,2.688700920591663e-06,0.3940915215537806,cnn_2d_residual_small_extra_pretrained,-0.013690965250134468,,-0.013690965250134468,6,2016-02-29
2016-04-11,developed_equity,0.013838265508036018,0.013838265508036018,2.857179173842178e-05,-0.006405551639006159,cnn_2d_residual_small_extra_pretrained,0.010964389890432358,,0.010964389890432358,6,2016-02-29
2016-04-11,emerging_equity,-0.04140791094391583,-0.04140791094391583,8.059915887134387e-05,-0.08451711400586195,cnn_2d_residual_small_extra_pretrained,-0.013881264254450798,,-0.013881264254450798,6,2016-02-29
2016-04-11,korea_equity,-0.03482781086735809,-0.03482781086735809,5.842754988750364e-05,-0.1740971684777078,cnn_2d_residual_small_extra_pretrained,-0.006700980011373758,,-0.006700980011373758,6,2016-02-29
2016-04-11,short_treasury,0.0003528023018646298,0.0003528023018646298,1.017313671977945e-07,0.2733630632710937,cnn_2d_residual_small_extra_pretrained,0.004630854353308678,,0.004630854353308678,6,2016-02-29
2016-04-11,treasury_7_10y,-0.002074837444339228,-0.002074837444339228,4.247271922275445e-06,0.3977599956930639,cnn_2d_residual_small_extra_pretrained,0.009799005463719368,,0.009799005463719368,6,2016-02-29
2016-04-12,alternative,0.005847938431231325,0.005847938431231325,3.408599380597657e-05,-0.17072749738120022,cnn_2d_residual_small_extra_pretrained,0.008786981925368309,,0.008786981925368309,6,2016-02-29
2016-04-12,corp_bond_ig,0.010022696693053224,0.010022696693053224,1.9113781536631737e-06,0.38064152558838793,cnn_2d_residual_small_extra_pretrained,-0.012497937306761742,,-0.012497937306761742,6,2016-02-29
2016-04-12,developed_equity,0.013540801875542963,0.013540801875542963,2.8571791738421787e-05,-0.010364640147314447,cnn_2d_residual_small_extra_pretrained,0.011701593175530434,,0.011701593175530434,6,2016-02-29
2016-04-12,emerging_equity,-0.03786784102591678,-0.03786784102591678,8.059915887134387e-05,0.019925429378090564,cnn_2d_residual_small_extra_pretrained,-0.016447406262159348,,-0.016447406262159348,6,2016-02-29
2016-04-12,korea_equity,-0.02783071120763314,-0.02783071120763314,5.8427549887503656e-05,0.013016914040609394,cnn_2d_residual_small_extra_pretrained,-0.010687867179512978,,-0.010687867179512978,6,2016-02-29
2016-04-12,short_treasury,0.0008234289267754491,0.0008234289267754491,9.896608251548588e-08,0.133475878840725,cnn_2d_residual_small_extra_pretrained,0.0035390155389904976,,0.0035390155389904976,6,2016-02-29
2016-04-12,treasury_7_10y,0.0017208115724112183,0.0017208115724112183,3.461147385211849e-06,0.3690529954373722,cnn_2d_residual_small_extra_pretrained,0.009424491785466671,,0.009424491785466671,6,2016-02-29
2016-04-13,alternative,-0.01342283302891345,-0.01342283302891345,3.45085066261646e-05,-0.3565255927329387,cnn_2d_residual_small_extra_pretrained,0.007492148317396641,,0.007492148317396641,6,2016-02-29
2016-04-13,corp_bond_ig,0.0076381036324599805,0.0076381036324599805,1.9113781536631737e-06,0.484187280228305,cnn_2d_residual_small_extra_pretrained,-0.011388598009943962,,-0.011388598009943962,6,2016-02-29
2016-04-13,developed_equity,-0.010784761218468497,-0.010784761218468497,3.283903191727815e-05,0.022339076935109774,cnn_2d_residual_small_extra_pretrained,0.0072594890370965,,0.0072594890370965,6,2016-02-29
2016-04-13,emerging_equity,-0.05695472072080532,-0.05695472072080532,8.089245837338621e-05,-0.011050646850805607,cnn_2d_residual_small_extra_pretrained,-0.02678043209016323,,-0.02678043209016323,6,2016-02-29
2016-04-13,korea_equity,-0.04334721055841462,-0.04334721055841462,5.953483181112686e-05,0.15546798278938018,cnn_2d_residual_small_extra_pretrained,-0.012309590354561806,,-0.012309590354561806,6,2016-02-29
2016-04-13,short_treasury,0.0009415303036997003,0.0009415303036997003,9.411167689698436e-08,0.13225170580370935,cnn_2d_residual_small_extra_pretrained,0.0031869958620518446,,0.0031869958620518446,6,2016-02-29
2016-04-13,treasury_7_10y,0.0025341549887811787,0.0025341549887811787,3.461147385211849e-06,0.32467291271911547,cnn_2d_residual_small_extra_pretrained,0.007844425737857819,,0.007844425737857819,6,2016-02-29
2016-04-14,alternative,-0.0076923370361329235,-0.0076923370361329235,3.4094837882629424e-05,-0.4709665910186708,cnn_2d_residual_small_extra_pretrained,0.010659243911504745,,0.010659243911504745,6,2016-02-29
2016-04-14,corp_bond_ig,0.006215399868455762,0.006215399868455762,2.1056660695221794e-06,0.4962747347167026,cnn_2d_residual_small_extra_pretrained,-0.011203240603208542,,-0.011203240603208542,6,2016-02-29
2016-04-14,developed_equity,-0.009076717774194831,-0.009076717774194831,3.283903191727815e-05,-0.012102682776178326,cnn_2d_residual_small_extra_pretrained,0.009374069981276989,,0.009374069981276989,6,2016-02-29
2016-04-14,emerging_equity,-0.05493240788800835,-0.05493240788800835,8.008186881576112e-05,-0.043589974900056186,cnn_2d_residual_small_extra_pretrained,-0.028048532083630562,,-0.028048532083630562,6,2016-02-29
2016-04-14,korea_equity,-0.04457870904559558,-0.04457870904559558,5.990779703678486e-05,0.17723815100996435,cnn_2d_residual_small_extra_pretrained,-0.015573518350720406,,-0.015573518350720406,6,2016-02-29
2016-04-14,short_treasury,0.00035305141656949424,0.00035305141656949424,1.1139448702709043e-07,0.2010293107087602,cnn_2d_residual_small_extra_pretrained,0.001534926239401102,,0.001534926239401102,6,2016-02-29
2016-04-14,treasury_7_10y,0.002177246271075628,0.002177246271075628,3.551029563582056e-06,0.32301148536824364,cnn_2d_residual_small_extra_pretrained,0.006493923254311085,,0.006493923254311085,6,2016-02-29
2016-04-15,alternative,-0.021153816810021042,-0.021153816810021042,4.3296428767491835e-05,-0.346970077416053,cnn_2d_residual_small_extra_pretrained,0.014485163614153862,,0.014485163614153862,6,2016-02-29
2016-04-15,corp_bond_ig,0.003847433036682668,0.003847433036682668,2.1056660695221794e-06,0.5093497815104089,cnn_2d_residual_small_extra_pretrained,-0.009907780215144157,,-0.009907780215144157,6,2016-02-29
2016-04-15,developed_equity,-0.01778346825606414,-0.01778346825606414,3.940807284631884e-05,0.011162416134949038,cnn_2d_residual_small_extra_pretrained,0.008851669728755951,,0.008851669728755951,6,2016-02-29
2016-04-15,emerging_equity,-0.06653165338051481,-0.06653165338051481,9.45465700258025e-05,0.0018479185313645034,cnn_2d_residual_small_extra_pretrained,-0.024280482903122902,,-0.024280482903122902,6,2016-02-29
2016-04-15,korea_equity,-0.0611626483287675,-0.0611626483287675,7.91502578058141e-05,0.13969824140075873,cnn_2d_residual_small_extra_pretrained,-0.009829962626099586,,-0.009829962626099586,6,2016-02-29
2016-04-15,short_treasury,-0.00023517162593766905,-0.00023517162593766905,1.1139448702709043e-07,0.27628182658060935,cnn_2d_residual_small_extra_pretrained,0.001045531127601862,,0.001045531127601862,6,2016-02-29
2016-04-15,treasury_7_10y,0.002984821258518844,0.002984821258518844,3.551029563582055e-06,0.31807620528335767,cnn_2d_residual_small_extra_pretrained,0.005301519297063351,,0.005301519297063351,6,2016-02-29
2016-04-18,alternative,-0.020057292601060928,-0.020057292601060928,4.3296428767491835e-05,-0.3386908288425863,cnn_2d_residual_small_extra_pretrained,0.01590806059539318,,0.01590806059539318,6,2016-02-29
2016-04-18,corp_bond_ig,-0.0005848416191523986,-0.0005848416191523986,2.661019568813985e-06,0.5648957256361382,cnn_2d_residual_small_extra_pretrained,-0.009876670315861702,,-0.009876670315861702,6,2016-02-29
2016-04-18,developed_equity,-0.008623135832238726,-0.008623135832238726,3.940807284631884e-05,0.1845945347160623,cnn_2d_residual_small_extra_pretrained,0.009292561560869217,,0.009292561560869217,6,2016-02-29
2016-04-18,emerging_equity,-0.05960264100512935,-0.05960264100512935,9.45465700258025e-05,0.011168168863653488,cnn_2d_residual_small_extra_pretrained,-0.013996543362736702,,-0.013996543362736702,6,2016-02-29
2016-04-18,korea_equity,-0.061078745647796695,-0.061078745647796695,7.91502578058141e-05,0.13966487703004782,cnn_2d_residual_small_extra_pretrained,-0.009817725047469139,,-0.009817725047469139,6,2016-02-29
2016-04-18,short_treasury,-0.000588043099709501,-0.000588043099709501,1.2177320391442242e-07,0.33348190525594074,cnn_2d_residual_small_extra_pretrained,0.00013058632612228394,,0.00013058632612228394,6,2016-02-29
2016-04-18,treasury_7_10y,0.00036216312025838526,0.00036216312025838526,4.152125971329973e-06,0.33035197062507543,cnn_2d_residual_small_extra_pretrained,0.0053327311761677265,,0.0053327311761677265,6,2016-02-29
2016-04-19,alternative,-0.03483989693564127,-0.03483989693564127,4.334392531497644e-05,-0.6070689972261992,cnn_2d_residual_small_extra_pretrained,0.010448778979480267,,0.010448778979480267,6,2016-02-29
2016-04-19,corp_bond_ig,-0.0027520792342280442,-0.0027520792342280442,2.6666107330704828e-06,0.7156014634155725,cnn_2d_residual_small_extra_pretrained,-0.007174900267273188,,-0.007174900267273188,6,2016-02-29
2016-04-19,developed_equity,-0.03175719314289516,-0.03175719314289516,4.801278380527986e-05,0.35074809759959824,cnn_2d_residual_small_extra_pretrained,-0.00018155481666326523,,-0.00018155481666326523,6,2016-02-29
2016-04-19,emerging_equity,-0.07799206270298031,-0.07799206270298031,9.560127016032537e-05,0.043369720733983534,cnn_2d_residual_small_extra_pretrained,-0.014704948291182518,,-0.014704948291182518,6,2016-02-29
2016-04-19,korea_equity,-0.08089594399951017,-0.08089594399951017,8.107530644873434e-05,0.14099239905288508,cnn_2d_residual_small_extra_pretrained,-0.011419059708714485,,-0.011419059708714485,6,2016-02-29
2016-04-19,short_treasury,-0.0005882506603119841,-0.0005882506603119841,1.2178053144035707e-07,0.333507317765491,cnn_2d_residual_small_extra_pretrained,-0.0004957886412739754,,-0.0004957886412739754,6,2016-02-29
2016-04-19,treasury_7_10y,0.0006348027292573111,0.0006348027292573111,4.111484210247737e-06,0.32165579614904993,cnn_2d_residual_small_extra_pretrained,0.005255352705717087,,0.005255352705717087,6,2016-02-29
2016-04-20,alternative,-0.02927288413082363,-0.02927288413082363,4.294494611833564e-05,-0.7036522734593345,cnn_2d_residual_small_extra_pretrained,0.01021881029009819,,0.01021881029009819,6,2016-02-29
2016-04-20,corp_bond_ig,-0.008529890088996628,-0.008529890088996628,5.925864974015143e-06,-0.5318505052951742,cnn_2d_residual_small_extra_pretrained,-0.009277533739805222,,-0.009277533739805222,6,2016-02-29
2016-04-20,developed_equity,-0.032370583983487244,-0.032370583983487244,4.801278380527986e-05,0.36193672546753863,cnn_2d_residual_small_extra_pretrained,-0.0022471914999186993,,-0.0022471914999186993,6,2016-02-29
2016-04-20,emerging_equity,-0.08290598216286604,-0.08290598216286604,9.94160739166101e-05,0.11414838113204885,cnn_2d_residual_small_extra_pretrained,-0.017251232638955116,,-0.017251232638955116,6,2016-02-29
2016-04-20,korea_equity,-0.09134883437045782,-0.09134883437045782,9.313392704874074e-05,0.20778696984741438,cnn_2d_residual_small_extra_pretrained,-0.011422241106629372,,-0.011422241106629372,6,2016-02-29
2016-04-20,short_treasury,-0.0016484091504225251,-0.0016484091504225251,2.5279576417984063e-07,-0.7152653869786098,cnn_2d_residual_small_extra_pretrained,-0.0032402663491666317,,-0.0032402663491666317,6,2016-02-29
2016-04-20,treasury_7_10y,-0.0023699037316576854,-0.0023699037316576854,6.074961511509414e-06,-0.16672481338745024,cnn_2d_residual_small_extra_pretrained,0.003998692613095045,,0.003998692613095045,6,2016-02-29
2016-04-21,alternative,-0.026666695731026868,-0.026666695731026868,4.103695329265076e-05,-0.7566249188722651,cnn_2d_residual_small_extra_pretrained,0.011815929785370827,,0.011815929785370827,6,2016-02-29
2016-04-21,corp_bond_ig,-0.005772629870768098,-0.005772629870768098,5.9171222672054886e-06,-0.6068498761164955,cnn_2d_residual_small_extra_pretrained,-0.008568726480007172,,-0.008568726480007172,6,2016-02-29
2016-04-21,developed_equity,-0.02855131959019308,-0.02855131959019308,4.566524197141616e-05,0.32147698839645117,cnn_2d_residual_small_extra_pretrained,-0.0024943319149315357,,-0.0024943319149315357,6,2016-02-29
2016-04-21,emerging_equity,-0.08230217583745492,-0.08230217583745492,9.878735187131126e-05,0.1072877777939533,cnn_2d_residual_small_extra_pretrained,-0.015818489715456963,,-0.015818489715456963,6,2016-02-29
2016-04-21,korea_equity,-0.08587465083387713,-0.08587465083387713,9.157633626908627e-05,0.11154130022573491,cnn_2d_residual_small_extra_pretrained,-0.010915780439972878,,-0.010915780439972878,6,2016-02-29
2016-04-21,short_treasury,-0.0011777894147030343,-0.0011777894147030343,2.500239638483938e-07,-0.8224156783748503,cnn_2d_residual_small_extra_pretrained,-0.004209594335407019,,-0.004209594335407019,6,2016-02-29
2016-04-21,treasury_7_10y,0.0002738864204439029,0.0002738864204439029,5.940368018472262e-06,-0.28857297713779156,cnn_2d_residual_small_extra_pretrained,0.003980015404522419,,0.003980015404522419,6,2016-02-29
2016-04-22,alternative,-0.027488166122074942,-0.027488166122074942,4.1036953292650756e-05,-0.7594399729167599,cnn_2d_residual_small_extra_pretrained,0.011249888688325882,,0.011249888688325882,6,2016-02-29
2016-04-22,corp_bond_ig,-0.006184234251351395,-0.006184234251351395,5.9171222672054886e-06,-0.5927612713802575,cnn_2d_residual_small_extra_pretrained,-0.008477233350276947,,-0.008477233350276947,6,2016-02-29
2016-04-22,developed_equity,-0.027034603189191708,-0.027034603189191708,4.566524197141616e-05,0.3013177393492128,cnn_2d_residual_small_extra_pretrained,-0.002795437816530466,,-0.002795437816530466,6,2016-02-29
2016-04-22,emerging_equity,-0.06745807091184075,-0.06745807091184075,9.696137534921183e-05,-0.025450069693003945,cnn_2d_residual_small_extra_pretrained,-0.018871353939175606,,-0.018871353939175606,6,2016-02-29
2016-04-22,korea_equity,-0.07204994887165972,-0.07204994887165972,8.589011416622243e-05,-0.0873872117666115,cnn_2d_residual_small_extra_pretrained,-0.010970396921038628,,-0.010970396921038628,6,2016-02-29
2016-04-22,short_treasury,-0.000824488531378953,-0.000824488531378953,2.500239638483938e-07,-0.8736054027602141,cnn_2d_residual_small_extra_pretrained,-0.007843179628252983,,-0.007843179628252983,6,2016-02-29
2016-04-22,treasury_7_10y,0.002010726477882141,0.002010726477882141,5.880357001429449e-06,-0.37177831269407335,cnn_2d_residual_small_extra_pretrained,0.0038014547899365425,,0.0038014547899365425,6,2016-02-29
2016-04-25,alternative,-0.02093241655739786,-0.02093241655739786,4.03181858763508e-05,-0.8847065776973454,cnn_2d_residual_small_extra_pretrained,0.008496309630572796,,0.008496309630572796,6,2016-02-29
2016-04-25,corp_bond_ig,-0.0038532341686702276,-0.0038532341686702276,5.6433383558715005e-06,-0.7256799746741172,cnn_2d_residual_small_extra_pretrained,-0.007798357401043177,,-0.007798357401043177,6,2016-02-29
2016-04-25,developed_equity,-0.021564465752028195,-0.021564465752028195,4.3782472268293817e-05,0.21274519020066,cnn_2d_residual_small_extra_pretrained,-0.003493646625429392,,-0.003493646625429392,6,2016-02-29
2016-04-25,emerging_equity,-0.06322838543826004,-0.06322838543826004,9.510635561458747e-05,-0.09034934524690526,cnn_2d_residual_small_extra_pretrained,-0.018929438665509224,,-0.018929438665509224,6,2016-02-29
2016-04-25,korea_equity,-0.06564217690324159,-0.06564217690324159,8.537334681020136e-05,-0.1748065144073876,cnn_2d_residual_small_extra_pretrained,-0.011192874982953072,,-0.011192874982953072,6,2016-02-29
2016-04-25,short_treasury,-0.0007067682768892025,-0.0007067682768892025,2.479426326820068e-07,-0.9086261730146802,cnn_2d_residual_small_extra_pretrained,-0.008617794141173363,,-0.008617794141173363,6,2016-02-29
2016-04-25,treasury_7_10y,0.003751450537837986,0.003751450537837986,5.820206630273052e-06,-0.45618850136282235,cnn_2d_residual_small_extra_pretrained,0.0040559833869338036,,0.0040559833869338036,6,2016-02-29
2016-04-26,alternative,-0.012298916366098256,-0.012298916366098256,4.03181858763508e-05,-0.4958770764851938,cnn_2d_residual_small_extra_pretrained,0.008141301572322845,,0.008141301572322845,6,2016-02-29
2016-04-26,corp_bond_ig,-0.00511187966975124,-0.00511187966975124,5.775987743780553e-06,-0.650725229122181,cnn_2d_residual_small_extra_pretrained,-0.009652718901634216,,-0.009652718901634216,6,2016-02-29
2016-04-26,developed_equity,-0.012519333738860716,-0.012519333738860716,4.3782472268293817e-05,0.15512949612228089,cnn_2d_residual_small_extra_pretrained,-0.002824124414473772,,-0.002824124414473772,6,2016-02-29
2016-04-26,emerging_equity,-0.06370709633787952,-0.06370709633787952,9.510635561458748e-05,-0.09519982213278301,cnn_2d_residual_small_extra_pretrained,-0.020559919998049736,,-0.020559919998049736,6,2016-02-29
2016-04-26,korea_equity,-0.07661897169921139,-0.07661897169921139,8.61979041072482e-05,-0.07756628023277065,cnn_2d_residual_small_extra_pretrained,-0.012267298996448517,,-0.012267298996448517,6,2016-02-29
2016-04-26,short_treasury,-0.001178344530213371,-0.001178344530213371,2.701859928480034e-07,-0.7833945027046968,cnn_2d_residual_small_extra_pretrained,-0.011592932045459747,,-0.011592932045459747,6,2016-02-29
2016-04-26,treasury_7_10y,0.004217853427197271,0.004217853427197271,5.733373745291273e-06,-0.47597975518175106,cnn_2d_residual_small_extra_pretrained,0.0019077574834227562,,0.0019077574834227562,6,2016-02-29
2016-04-27,alternative,-0.005665707889290883,-0.005665707889290883,4.03181858763508e-05,-0.5124619073932833,cnn_2d_residual_small_extra_pretrained,0.008880997076630592,,0.008880997076630592,6,2016-02-29
2016-04-27,corp_bond_ig,-0.009659389358719128,-0.009659389358719128,5.775987743780554e-06,-1.533248179339867,cnn_2d_residual_small_extra_pretrained,-0.011039050295948982,,-0.011039050295948982,6,2016-02-29
2016-04-27,developed_equity,-0.005472139862747971,-0.005472139862747971,4.3782472268293817e-05,0.08917971012775555,cnn_2d_residual_small_extra_pretrained,-0.0016164840199053288,,-0.0016164840199053288,6,2016-02-29
2016-04-27,emerging_equity,-0.058166260895113786,-0.058166260895113786,9.510635561458747e-05,-0.0721101201924686,cnn_2d_residual_small_extra_pretrained,-0.018958043307065964,,-0.018958043307065964,6,2016-02-29
2016-04-27,korea_equity,-0.06131274090276817,-0.06131274090276817,8.61979041072482e-05,0.131911094311605,cnn_2d_residual_small_extra_pretrained,-0.012434197589755058,,-0.012434197589755058,6,2016-02-29
2016-04-27,short_treasury,-0.0012951914512693286,-0.0012951914512693286,2.701859928480034e-07,-0.8167487938645643,cnn_2d_residual_small_extra_pretrained,-0.009975071996450424,,-0.009975071996450424,6,2016-02-29
2016-04-27,treasury_7_10y,-0.0017326503288445094,-0.0017326503288445094,5.743793167679275e-06,-0.5394466805731514,cnn_2d_residual_small_extra_pretrained,0.0010551759041845798,,0.0010551759041845798,6,2016-02-29
2016-04-28,alternative,0.011516359047810676,0.011516359047810676,2.7433368921345553e-05,-0.5500715000980537,cnn_2d_residual_small_extra_pretrained,0.009886225685477257,,0.009886225685477257,6,2016-02-29
2016-04-28,corp_bond_ig,-0.007737107560628731,-0.007737107560628731,5.775987743780553e-06,-1.4146453413038118,cnn_2d_residual_small_extra_pretrained,-0.011102495715022087,,-0.011102495715022087,6,2016-02-29
2016-04-28,developed_equity,0.002267625675248963,0.002267625675248963,3.9075062693981504e-05,0.025876205755425995,cnn_2d_residual_small_extra_pretrained,0.0016550463624298573,,0.0016550463624298573,6,2016-02-29
2016-04-28,emerging_equity,-0.041980333656783775,-0.041980333656783775,8.978618467506902e-05,-0.26629141448365135,cnn_2d_residual_small_extra_pretrained,-0.02115548402070999,,-0.02115548402070999,6,2016-02-29
2016-04-28,korea_equity,-0.05506149349913492,-0.05506149349913492,8.43868315831678e-05,0.03374423000996109,cnn_2d_residual_small_extra_pretrained,-0.011591654270887375,,-0.011591654270887375,6,2016-02-29
2016-04-28,short_treasury,-0.0012944293481554903,-0.0012944293481554903,2.701859928480034e-07,-0.8165758465763455,cnn_2d_residual_small_extra_pretrained,-0.010119602084159851,,-0.010119602084159851,6,2016-02-29
2016-04-28,treasury_7_10y,-0.0020901795258084777,-0.0020901795258084777,5.743793167679275e-06,-0.5530536555699781,cnn_2d_residual_small_extra_pretrained,-0.0013269842602312565,,-0.0013269842602312565,6,2016-02-29
2016-04-29,alternative,0.01636185681690061,0.01636185681690061,2.701892683857939e-05,-0.6589674046017595,cnn_2d_residual_small_extra_pretrained,0.009704843163490295,,0.009704843163490295,6,2016-02-29
2016-04-29,corp_bond_ig,-0.009557063977224223,-0.009557063977224223,5.80445576398993e-06,-1.3446386076247605,cnn_2d_residual_small_extra_pretrained,-0.011555159464478493,,-0.011555159464478493,6,2016-02-29
2016-04-29,developed_equity,0.010269593701826674,0.010269593701826674,3.7041432285513477e-05,-0.09672277259900823,cnn_2d_residual_small_extra_pretrained,0.0035536554642021656,,0.0035536554642021656,6,2016-02-29
2016-04-29,emerging_equity,-0.03809239842522549,-0.03809239842522549,8.884773876424695e-05,-0.32349500716815255,cnn_2d_residual_small_extra_pretrained,-0.020393051207065582,,-0.020393051207065582,6,2016-02-29
2016-04-29,korea_equity,-0.04708132219086425,-0.04708132219086425,7.839353170775101e-05,-0.06438535617857563,cnn_2d_residual_small_extra_pretrained,-0.013066461309790611,,-0.013066461309790611,6,2016-02-29
2016-04-29,short_treasury,-0.0022350598356857265,-0.0022350598356857265,2.8754219074654927e-07,-0.6113464558246487,cnn_2d_residual_small_extra_pretrained,-0.010017896071076393,,-0.010017896071076393,6,2016-02-29
2016-04-29,treasury_7_10y,-0.003636377507990063,-0.003636377507990063,5.92004708103813e-06,-0.4700113824549202,cnn_2d_residual_small_extra_pretrained,-0.009674455970525742,,-0.009674455970525742,6,2016-02-29
2016-05-02,alternative,0.008612454793099689,0.008612454793099689,2.7198271691862407e-05,-0.5256962928685693,cnn_2d_residual_small_extra_pretrained,0.011164361611008644,,0.011164361611008644,6,2016-02-29
2016-05-02,corp_bond_ig,-0.0038381234070018477,-0.0038381234070018477,5.0088265759993335e-06,-1.6739801156987584,cnn_2d_residual_small_extra_pretrained,-0.012607952579855919,,-0.012607952579855919,6,2016-02-29
2016-05-02,developed_equity,-0.005067576093919723,-0.005067576093919723,3.726567939414154e-05,-0.006567795701461817,cnn_2d_residual_small_extra_pretrained,0.007922742515802383,,0.007922742515802383,6,2016-02-29
2016-05-02,emerging_equity,-0.034402342023984955,-0.034402342023984955,8.850529271544943e-05,-0.37517010504461656,cnn_2d_residual_small_extra_pretrained,-0.020106609910726547,,-0.020106609910726547,6,2016-02-29
2016-05-02,korea_equity,-0.05363262478731867,-0.05363262478731867,7.841168700424764e-05,0.009351276975459672,cnn_2d_residual_small_extra_pretrained,-0.012839730829000473,,-0.012839730829000473,6,2016-02-29
2016-05-02,short_treasury,-0.0008242045752112626,-0.0008242045752112626,2.432599280134194e-07,-0.8618375661047832,cnn_2d_residual_small_extra_pretrained,-0.010879399254918098,,-0.010879399254918098,6,2016-02-29
2016-05-02,treasury_7_10y,0.0019175193599723084,0.0019175193599723084,4.967967648527721e-06,-0.6880729440441465,cnn_2d_residual_small_extra_pretrained,-0.008224470540881157,,-0.008224470540881157,6,2016-02-29
2016-05-03,alternative,0.02726390589056149,0.02726390589056149,1.236339617922538e-05,-0.03847139352134685,cnn_2d_residual_small_extra_pretrained,0.013048812747001648,,0.013048812747001648,6,2016-02-29
2016-05-03,corp_bond_ig,-0.007662820153701344,-0.007662820153701344,5.2280637128498795e-06,-1.4929005048351336,cnn_2d_residual_small_extra_pretrained,-0.014232143759727478,,-0.014232143759727478,6,2016-02-29
2016-05-03,developed_equity,0.010131265210070683,0.010131265210070683,2.813494467101019e-05,-0.05418267576878513,cnn_2d_residual_small_extra_pretrained,0.010385887697339058,,0.010385887697339058,6,2016-02-29
2016-05-03,emerging_equity,-0.0069007904079768645,-0.0069007904079768645,4.85361480694765e-05,0.03240300125750759,cnn_2d_residual_small_extra_pretrained,-0.01801382191479206,,-0.01801382191479206,6,2016-02-29
2016-05-03,korea_equity,-0.0304795136086794,-0.0304795136086794,5.770554372641757e-05,-0.03649458797589295,cnn_2d_residual_small_extra_pretrained,-0.013282964006066322,,-0.013282964006066322,6,2016-02-29
2016-05-03,short_treasury,-0.003175684000552459,-0.003175684000552459,3.272744059475251e-07,-0.9890815963832542,cnn_2d_residual_small_extra_pretrained,-0.011359527707099915,,-0.011359527707099915,6,2016-02-29
2016-05-03,treasury_7_10y,-0.0058091985139820945,-0.0058091985139820945,5.134078915565449e-06,-1.0379718467134464,cnn_2d_residual_small_extra_pretrained,-0.00880991481244564,,-0.00880991481244564,6,2016-02-29
2016-05-04,alternative,0.029268292682926855,0.029268292682926855,1.2173779786373133e-05,-0.0836287546665821,cnn_2d_residual_small_extra_pretrained,0.015105372294783592,,0.015105372294783592,6,2016-02-29
2016-05-04,corp_bond_ig,-0.004004700104199288,-0.004004700104199288,5.089317837394668e-06,-1.6183439691375827,cnn_2d_residual_small_extra_pretrained,-0.014659395441412926,,-0.014659395441412926,6,2016-02-29
2016-05-04,developed_equity,0.023101334461035572,0.023101334461035572,2.128938158925069e-05,-0.0933271543871343,cnn_2d_residual_small_extra_pretrained,0.011090803891420364,,0.011090803891420364,6,2016-02-29
2016-05-04,emerging_equity,0.01768825862041279,0.01768825862041279,3.5411480214260436e-05,-0.06833341961133235,cnn_2d_residual_small_extra_pretrained,-0.01967061311006546,,-0.01967061311006546,6,2016-02-29
2016-05-04,korea_equity,-0.0007914704155664865,-0.0007914704155664865,3.997475403375158e-05,-0.05040586926055605,cnn_2d_residual_small_extra_pretrained,-0.012483896687626839,,-0.012483896687626839,6,2016-02-29
2016-05-04,short_treasury,-0.0022350598356857265,-0.0022350598356857265,3.2658344965530214e-07,-0.8804017599402584,cnn_2d_residual_small_extra_pretrained,-0.011070860549807549,,-0.011070860549807549,6,2016-02-29
2016-05-04,treasury_7_10y,-0.00453021643161533,-0.00453021643161533,5.134078915565449e-06,-0.9662831145372717,cnn_2d_residual_small_extra_pretrained,-0.003486494068056345,,-0.003486494068056345,6,2016-02-29
2016-05-05,alternative,0.036168102031924665,0.036168102031924665,1.19834227165043e-05,-0.24763630587472885,cnn_2d_residual_small_extra_pretrained,0.015294667333364487,,0.015294667333364487,6,2016-02-29
2016-05-05,corp_bond_ig,0.001998316959356483,0.001998316959356483,5.089317837394668e-06,-0.2890176747928152,cnn_2d_residual_small_extra_pretrained,-0.016000572592020035,,-0.016000572592020035,6,2016-02-29
2016-05-05,developed_equity,0.02639552549723123,0.02639552549723123,2.128938158925069e-05,-0.15983383923382896,cnn_2d_residual_small_extra_pretrained,0.010506795719265938,,0.010506795719265938,6,2016-02-29
2016-05-05,emerging_equity,0.03355711805313111,0.03355711805313111,3.5406827861068725e-05,-0.14219777211253667,cnn_2d_residual_small_extra_pretrained,-0.019177718088030815,,-0.019177718088030815,6,2016-02-29
2016-05-05,korea_equity,0.020626754329552854,0.020626754329552854,3.969286259532893e-05,-0.004417513465049951,cnn_2d_residual_small_extra_pretrained,-0.012276114895939827,,-0.012276114895939827,6,2016-02-29
2016-05-05,short_treasury,-0.0009407552939016961,-0.0009407552939016961,3.2658344965530214e-07,-0.16831195253048206,cnn_2d_residual_small_extra_pretrained,-0.010930819436907768,,-0.010930819436907768,6,2016-02-29
2016-05-05,treasury_7_10y,0.001987902993973778,0.001987902993973778,5.134078915565449e-06,0.3174646022878548,cnn_2d_residual_small_extra_pretrained,-0.004148050677031279,,-0.004148050677031279,6,2016-02-29
2016-05-06,alternative,0.04199214217078451,0.04199214217078451,1.19834227165043e-05,-0.36104468585536664,cnn_2d_residual_small_extra_pretrained,0.01666104607284069,,0.01666104607284069,6,2016-02-29
2016-05-06,corp_bond_ig,0.0017523925257394435,0.0017523925257394435,5.145335196633175e-06,-0.2811202805219203,cnn_2d_residual_small_extra_pretrained,-0.016026077792048454,,-0.016026077792048454,6,2016-02-29
2016-05-06,developed_equity,0.030320508364849896,0.030320508364849896,2.123841097418599e-05,-0.24359876463403943,cnn_2d_residual_small_extra_pretrained,0.01104193925857544,,0.01104193925857544,6,2016-02-29
2016-05-06,emerging_equity,0.04294851564943736,0.04294851564943736,3.5406827861068725e-05,-0.24386180147381636,cnn_2d_residual_small_extra_pretrained,-0.020168853923678398,,-0.020168853923678398,6,2016-02-29
2016-05-06,korea_equity,0.03150386594275845,0.03150386594275845,3.9692862595328925e-05,-0.11347024537370835,cnn_2d_residual_small_extra_pretrained,-0.01306796446442604,,-0.01306796446442604,6,2016-02-29
2016-05-06,short_treasury,-0.0009408869068295855,-0.0009408869068295855,3.265865486883125e-07,-0.16828415144160347,cnn_2d_residual_small_extra_pretrained,-0.010028980672359467,,-0.010028980672359467,6,2016-02-29
2016-05-06,treasury_7_10y,0.0017208115724112183,0.0017208115724112183,5.200090568276661e-06,0.3200401799523137,cnn_2d_residual_small_extra_pretrained,-0.005263075698167086,,-0.005263075698167086,6,2016-02-29
2016-05-09,alternative,0.04701276320757675,0.04701276320757675,1.1554260555717972e-05,-0.4804287884996747,cnn_2d_residual_small_extra_pretrained,0.01831699348986149,,0.01831699348986149,6,2016-02-29
2016-05-09,corp_bond_ig,0.004259957659792146,0.004259957659792146,5.095205672894406e-06,-0.4017255968362992,cnn_2d_residual_small_extra_pretrained,-0.018336376175284386,,-0.018336376175284386,6,2016-02-29
2016-05-09,developed_equity,0.029885084434708498,0.029885084434708498,2.123841097418599e-05,-0.23686283688577728,cnn_2d_residual_small_extra_pretrained,0.011747734621167183,,0.011747734621167183,6,2016-02-29
2016-05-09,emerging_equity,0.06602898487268316,0.06602898487268316,2.7223482623034846e-05,-0.42430841040363737,cnn_2d_residual_small_extra_pretrained,-0.018576335161924362,,-0.018576335161924362,6,2016-02-29
2016-05-09,korea_equity,0.0496411819386251,0.0496411819386251,3.7806476400994754e-05,-0.32023177525281554,cnn_2d_residual_small_extra_pretrained,-0.014871843159198761,,-0.014871843159198761,6,2016-02-29
2016-05-09,short_treasury,-0.001175622819083788,-0.001175622819083788,3.2658654868831256e-07,-0.13656143216831618,cnn_2d_residual_small_extra_pretrained,-0.005016524810343981,,-0.005016524810343981,6,2016-02-29
2016-05-09,treasury_7_10y,0.001265588376174298,0.001265588376174298,5.200090568276661e-06,0.3400579933648477,cnn_2d_residual_small_extra_pretrained,-0.0025040474720299244,,-0.0025040474720299244,6,2016-02-29
2016-05-10,alternative,0.037790713577587454,0.037790713577587454,1.1554260555717972e-05,-0.49647099028584185,cnn_2d_residual_small_extra_pretrained,0.016046255826950073,,0.016046255826950073,6,2016-02-29
2016-05-10,corp_bond_ig,0.0059206061984120595,0.0059206061984120595,5.095205672894406e-06,-0.4201058700783825,cnn_2d_residual_small_extra_pretrained,-0.018069813027977943,,-0.018069813027977943,6,2016-02-29
2016-05-10,developed_equity,0.02373505051817215,0.02373505051817215,2.123841097418599e-05,-0.2514312200341608,cnn_2d_residual_small_extra_pretrained,0.0032865621615201235,,0.0032865621615201235,6,2016-02-29
2016-05-10,emerging_equity,0.053587663432585586,0.053587663432585586,2.7223482623034846e-05,-0.639104797077059,cnn_2d_residual_small_extra_pretrained,-0.009388718754053116,,-0.009388718754053116,6,2016-02-29
2016-05-10,korea_equity,0.040588229310278834,0.040588229310278834,3.7806476400994754e-05,-0.380000116340841,cnn_2d_residual_small_extra_pretrained,-0.012890558689832687,,-0.012890558689832687,6,2016-02-29
2016-05-10,short_treasury,-0.0011753464030203054,-0.0011753464030203054,3.2658654868831256e-07,-0.13660940610017,cnn_2d_residual_small_extra_pretrained,-0.0033988566137850285,,-0.0033988566137850285,6,2016-02-29
2016-05-10,treasury_7_10y,0.0026220697968202256,0.0026220697968202256,5.198455453675719e-06,0.27505196109505486,cnn_2d_residual_small_extra_pretrained,-0.0017221332527697086,,-0.0017221332527697086,6,2016-02-29
2016-05-11,alternative,0.03692901230334367,0.03692901230334367,1.1829199811195137e-05,-0.48287420494686606,cnn_2d_residual_small_extra_pretrained,0.01620926521718502,,0.01620926521718502,6,2016-02-29
2016-05-11,corp_bond_ig,0.006247396759137436,0.006247396759137436,5.095205672894407e-06,-0.433221550063188,cnn_2d_residual_small_extra_pretrained,-0.01901034265756607,,-0.01901034265756607,6,2016-02-29
2016-05-11,developed_equity,0.02453018371726734,0.02453018371726734,2.055711665732683e-05,-0.23788131538331833,cnn_2d_residual_small_extra_pretrained,0.0059434291906654835,,0.0059434291906654835,6,2016-02-29
2016-05-11,emerging_equity,0.04400609193825411,0.04400609193825411,3.353600026848585e-05,-0.5744987750423517,cnn_2d_residual_small_extra_pretrained,-0.00795256532728672,,-0.00795256532728672,6,2016-02-29
2016-05-11,korea_equity,0.03743107936772527,0.03743107936772527,3.968347211266814e-05,-0.35108062614877655,cnn_2d_residual_small_extra_pretrained,-0.014407770708203316,,-0.014407770708203316,6,2016-02-29
2016-05-11,short_treasury,-0.0005879253376085414,-0.0005879253376085414,3.2037038862353164e-07,-0.25865966250422945,cnn_2d_residual_small_extra_pretrained,-0.0026648924686014652,,-0.0026648924686014652,6,2016-02-29
2016-05-11,treasury_7_10y,0.002618045719201545,0.002618045719201545,5.198455453675719e-06,0.27523119643674315,cnn_2d_residual_small_extra_pretrained,-0.001394003164023161,,-0.001394003164023161,6,2016-02-29
2016-05-12,alternative,0.011627951677542825,0.011627951677542825,3.506165636322356e-05,-1.2521649390192398,cnn_2d_residual_small_extra_pretrained,0.013724884018301964,,0.013724884018301964,6,2016-02-29
2016-05-12,corp_bond_ig,0.009515854429118065,0.009515854429118065,4.878372526971729e-06,-0.5927416891660114,cnn_2d_residual_small_extra_pretrained,-0.012250412255525589,,-0.012250412255525589,6,2016-02-29
2016-05-12,developed_equity,0.004579929615644351,0.004579929615644351,3.5386993374108824e-05,-0.4173054565604979,cnn_2d_residual_small_extra_pretrained,0.005760295316576958,,0.005760295316576958,6,2016-02-29
2016-05-12,emerging_equity,0.020389475243474342,0.020389475243474342,6.514413718908233e-05,-0.8670338649897356,cnn_2d_residual_small_extra_pretrained,-0.01080646924674511,,-0.01080646924674511,6,2016-02-29
2016-05-12,korea_equity,0.023131635559312524,0.023131635559312524,5.39858257436831e-05,-0.3752347876885788,cnn_2d_residual_small_extra_pretrained,-0.014592239633202553,,-0.014592239633202553,6,2016-02-29
2016-05-12,short_treasury,0.0005882711971507693,0.0005882711971507693,3.0308757849342554e-07,-0.46211045286521235,cnn_2d_residual_small_extra_pretrained,0.00029769958928227425,,0.00029769958928227425,6,2016-02-29
2016-05-12,treasury_7_10y,0.00887114797420141,0.00887114797420141,4.8317182451573e-06,0.059784398500663444,cnn_2d_residual_small_extra_pretrained,6.201909855008125e-05,,6.201909855008125e-05,6,2016-02-29
2016-05-13,alternative,0.01277009217477465,0.01277009217477465,3.361285043627765e-05,-1.247714695953847,cnn_2d_residual_small_extra_pretrained,0.014972090721130371,,0.014972090721130371,6,2016-02-29
2016-05-13,corp_bond_ig,0.006165685001348731,0.006165685001348731,4.989130893238408e-06,-0.43376508127208324,cnn_2d_residual_small_extra_pretrained,-0.0018584267236292362,,-0.0018584267236292362,6,2016-02-29
2016-05-13,developed_equity,0.01013900548898694,0.01013900548898694,3.038638463713114e-05,-0.41164490705944745,cnn_2d_residual_small_extra_pretrained,0.005167411174625158,,0.005167411174625158,6,2016-02-29
2016-05-13,emerging_equity,0.02448097007501837,0.02448097007501837,5.8849223586454484e-05,-0.8491196047019138,cnn_2d_residual_small_extra_pretrained,-0.00791296549141407,,-0.00791296549141407,6,2016-02-29
2016-05-13,korea_equity,0.02299312923652197,0.02299312923652197,5.4249059735996194e-05,-0.37966359375319775,cnn_2d_residual_small_extra_pretrained,-0.01457364484667778,,-0.01457364484667778,6,2016-02-29
2016-05-13,short_treasury,0.0007057705809441206,0.0007057705809441206,3.0308757849342554e-07,-0.48455905498485835,cnn_2d_residual_small_extra_pretrained,0.0017984472215175629,,0.0017984472215175629,6,2016-02-29
2016-05-13,treasury_7_10y,0.007033986685815563,0.007033986685815563,4.8317182451573e-06,0.10292031404367587,cnn_2d_residual_small_extra_pretrained,0.000645290594547987,,0.000645290594547987,6,2016-02-29
2016-05-16,alternative,-0.010721232850686158,-0.010721232850686158,4.5654661908973406e-05,-0.9950792253614308,cnn_2d_residual_small_extra_pretrained,0.011493796482682228,,0.011493796482682228,6,2016-02-29
2016-05-16,corp_bond_ig,0.007272990279314495,0.007272990279314495,4.683734249698437e-06,-0.4574872136805103,cnn_2d_residual_small_extra_pretrained,-0.002593154553323984,,-0.002593154553323984,6,2016-02-29
2016-05-16,developed_equity,-0.013403605430284071,-0.013403605430284071,3.349612617407565e-05,-0.6258545601357146,cnn_2d_residual_small_extra_pretrained,0.0023175091482698917,,0.0023175091482698917,6,2016-02-29
2016-05-16,emerging_equity,0.008879391208886478,0.008879391208886478,5.9402770533143866e-05,-0.7385829174593532,cnn_2d_residual_small_extra_pretrained,-0.010421179234981537,,-0.010421179234981537,6,2016-02-29
2016-05-16,korea_equity,0.0070056504249844664,0.0070056504249844664,5.751628353479329e-05,-0.18016495433011034,cnn_2d_residual_small_extra_pretrained,-0.015815433114767075,,-0.015815433114767075,6,2016-02-29
2016-05-16,short_treasury,0.0012945817202689724,0.0012945817202689724,2.920170128101431e-07,-0.6147120251274376,cnn_2d_residual_small_extra_pretrained,0.004022336099296808,,0.004022336099296808,6,2016-02-29
2016-05-16,treasury_7_10y,0.010408195747246163,0.010408195747246163,4.184734828067641e-06,0.046360441453435194,cnn_2d_residual_small_extra_pretrained,-0.000726963859051466,,-0.000726963859051466,6,2016-02-29
2016-05-17,alternative,-0.006829238519435954,-0.006829238519435954,4.560716536148881e-05,-1.0571341880721608,cnn_2d_residual_small_extra_pretrained,0.011831462383270264,,0.011831462383270264,6,2016-02-29
2016-05-17,corp_bond_ig,0.011373144250934164,0.011373144250934164,4.67814308544194e-06,-0.5677366141754573,cnn_2d_residual_small_extra_pretrained,-0.00339907081797719,,-0.00339907081797719,6,2016-02-29
2016-05-17,developed_equity,0.002311857596098088,0.002311857596098088,2.4891415215114637e-05,-0.8120921441248393,cnn_2d_residual_small_extra_pretrained,0.0007067513652145863,,0.0007067513652145863,6,2016-02-29
2016-05-17,emerging_equity,0.024300244734373866,0.024300244734373866,5.8348070398621006e-05,-0.8872138957968778,cnn_2d_residual_small_extra_pretrained,-0.009065857157111168,,-0.009065857157111168,6,2016-02-29
2016-05-17,korea_equity,0.024370574970515868,0.024370574970515868,5.5591234891873046e-05,-0.3694435875455562,cnn_2d_residual_small_extra_pretrained,-0.016311462968587875,,-0.016311462968587875,6,2016-02-29
2016-05-17,short_treasury,0.0028254986681344185,0.0028254986681344185,2.857847476730592e-07,-0.6944034926842318,cnn_2d_residual_small_extra_pretrained,0.006048195995390415,,0.006048195995390415,6,2016-02-29
2016-05-17,treasury_7_10y,0.014863214368983968,0.014863214368983968,4.092580565582665e-06,-0.13897539012581636,cnn_2d_residual_small_extra_pretrained,0.0010495488531887531,,0.0010495488531887531,6,2016-02-29
2016-05-18,alternative,-0.014591439255549288,-0.014591439255549288,4.68133517713906e-05,-0.9046083576556916,cnn_2d_residual_small_extra_pretrained,0.009312826208770275,,0.009312826208770275,6,2016-02-29
2016-05-18,corp_bond_ig,0.021592486848045933,0.021592486848045933,1.040191838923814e-06,0.8249108223512434,cnn_2d_residual_small_extra_pretrained,0.0015189261175692081,,0.0015189261175692081,6,2016-02-29
2016-05-18,developed_equity,0.0017303929231780035,0.0017303929231780035,2.4891415215114633e-05,-0.8011076366368639,cnn_2d_residual_small_extra_pretrained,-0.0009605665691196918,,-0.0009605665691196918,6,2016-02-29
2016-05-18,emerging_equity,0.03075494627841846,0.03075494627841846,5.415300987840589e-05,-0.9883234024225507,cnn_2d_residual_small_extra_pretrained,-0.013790970668196678,,-0.013790970668196678,6,2016-02-29
2016-05-18,korea_equity,0.03624079550028192,0.03624079550028192,4.349161995409889e-05,-0.3633467560039195,cnn_2d_residual_small_extra_pretrained,-0.016769425943493843,,-0.016769425943493843,6,2016-02-29
2016-05-18,short_treasury,0.004009863594993446,0.004009863594993446,1.4708228188455045e-07,-0.14835977239933,cnn_2d_residual_small_extra_pretrained,0.00823131762444973,,0.00823131762444973,6,2016-02-29
2016-05-18,treasury_7_10y,0.024211983552014704,0.024211983552014704,8.395848480886789e-07,1.3754271427668794,cnn_2d_residual_small_extra_pretrained,0.0019421018660068512,,0.0019421018660068512,6,2016-02-29
2016-05-19,alternative,0.001956992011829639,0.001956992011829639,4.5110036321490676e-05,-0.9874911704739096,cnn_2d_residual_small_extra_pretrained,0.008045409806072712,,0.008045409806072712,6,2016-02-29
2016-05-19,corp_bond_ig,0.016156225660600265,0.016156225660600265,1.4819094700994681e-06,0.8263608614455896,cnn_2d_residual_small_extra_pretrained,0.00013506878167390823,,0.00013506878167390823,6,2016-02-29
2016-05-19,developed_equity,0.008252493084445867,0.008252493084445867,2.407635561224428e-05,-0.9687335439043447,cnn_2d_residual_small_extra_pretrained,0.0012202770449221134,,0.0012202770449221134,6,2016-02-29
2016-05-19,emerging_equity,0.04327378784971625,0.04327378784971625,4.981022428424874e-05,-1.2092408573224669,cnn_2d_residual_small_extra_pretrained,-0.011155752465128899,,-0.011155752465128899,6,2016-02-29
2016-05-19,korea_equity,0.034793302122458236,0.034793302122458236,4.354042043190411e-05,-0.3406431632957047,cnn_2d_residual_small_extra_pretrained,-0.020033929497003555,,-0.020033929497003555,6,2016-02-29
2016-05-19,short_treasury,0.003891072285749031,0.003891072285749031,1.4708228188455045e-07,-0.11905271241342032,cnn_2d_residual_small_extra_pretrained,0.00866510160267353,,0.00866510160267353,6,2016-02-29
2016-05-19,treasury_7_10y,0.019715258399436886,0.019715258399436886,1.4141241020849317e-06,1.1126111258073135,cnn_2d_residual_small_extra_pretrained,0.006105506327003241,,0.006105506327003241,6,2016-02-29
2016-05-20,alternative,0.017543889654265676,0.017543889654265676,4.5110036321490676e-05,-0.5076369530020342,cnn_2d_residual_small_extra_pretrained,0.0013691107742488384,,0.0013691107742488384,6,2016-02-29
2016-05-20,corp_bond_ig,0.014211255191959538,0.014211255191959538,1.559055775837274e-06,0.8835597482155066,cnn_2d_residual_small_extra_pretrained,0.0003792503848671913,,0.0003792503848671913,6,2016-02-29
2016-05-20,developed_equity,0.017132197769813562,0.017132197769813562,2.407635561224428e-05,-0.5258150329836457,cnn_2d_residual_small_extra_pretrained,0.005863473284989595,,0.005863473284989595,6,2016-02-29
2016-05-20,emerging_equity,0.051226376056443756,0.051226376056443756,4.981022428424874e-05,-1.0228705564441627,cnn_2d_residual_small_extra_pretrained,-0.012600742280483246,,-0.012600742280483246,6,2016-02-29
2016-05-20,korea_equity,0.0552272080971401,0.0552272080971401,4.354042043190411e-05,-0.12053262998324137,cnn_2d_residual_small_extra_pretrained,-0.020457977429032326,,-0.020457977429032326,6,2016-02-29
2016-05-20,short_treasury,0.0029467233709479235,0.0029467233709479235,1.6432857410116766e-07,0.03342891748685315,cnn_2d_residual_small_extra_pretrained,0.008764781057834625,,0.008764781057834625,6,2016-02-29
2016-05-20,treasury_7_10y,0.014685767132055272,0.014685767132055272,2.3371134524770876e-06,0.8362977465851884,cnn_2d_residual_small_extra_pretrained,0.007139493711292744,,0.007139493711292744,6,2016-02-29
2016-05-23,alternative,0.01749266662460225,0.01749266662460225,4.5110036321490676e-05,-0.5068897566424407,cnn_2d_residual_small_extra_pretrained,0.0022091707214713097,,0.0022091707214713097,6,2016-02-29
2016-05-23,corp_bond_ig,0.013286258454276334,0.013286258454276334,1.6006462196555624e-06,0.90843885550403,cnn_2d_residual_small_extra_pretrained,-0.0011881315149366856,,-0.0011881315149366856,6,2016-02-29
2016-05-23,developed_equity,0.021031390420372942,0.021031390420372942,2.4059773482049624e-05,-0.6094744031261299,cnn_2d_residual_small_extra_pretrained,0.0044402736239135265,,0.0044402736239135265,6,2016-02-29
2016-05-23,emerging_equity,0.061275188569435146,0.061275188569435146,4.963674175849994e-05,-1.1602988479127017,cnn_2d_residual_small_extra_pretrained,-0.003059287089854479,,-0.003059287089854479,6,2016-02-29
2016-05-23,korea_equity,0.057461966112785534,0.057461966112785534,4.35404204319041e-05,-0.14936258591052487,cnn_2d_residual_small_extra_pretrained,-0.02096906304359436,,-0.02096906304359436,6,2016-02-29
2016-05-23,short_treasury,0.002357620463577126,0.002357620463577126,1.8849348226836343e-07,0.07167235955112951,cnn_2d_residual_small_extra_pretrained,0.009065067395567894,,0.009065067395567894,6,2016-02-29
2016-05-23,treasury_7_10y,0.011759352337411322,0.011759352337411322,2.5896522324133765e-06,0.8826179158976025,cnn_2d_residual_small_extra_pretrained,0.007658364251255989,,0.007658364251255989,6,2016-02-29
2016-05-24,alternative,0.005747111737085309,0.005747111737085309,4.5110036321490676e-05,-0.583229102715084,cnn_2d_residual_small_extra_pretrained,0.005864918231964111,,0.005864918231964111,6,2016-02-29
2016-05-24,corp_bond_ig,0.016846361012766042,0.016846361012766042,1.4592274826617253e-06,0.7820311790447046,cnn_2d_residual_small_extra_pretrained,-0.001542749349027872,,-0.001542749349027872,6,2016-02-29
2016-05-24,developed_equity,-0.0035612537160695235,-0.0035612537160695235,3.26675067803762e-05,-0.5522742185243465,cnn_2d_residual_small_extra_pretrained,0.0076346248388290405,,0.0076346248388290405,6,2016-02-29
2016-05-24,emerging_equity,0.044950711362360174,0.044950711362360174,5.1028290648937826e-05,-0.9588632744844933,cnn_2d_residual_small_extra_pretrained,-0.0019059604965150356,,-0.0019059604965150356,6,2016-02-29
2016-05-24,korea_equity,0.07054024746769816,0.07054024746769816,4.271586313485727e-05,-0.31063768784673373,cnn_2d_residual_small_extra_pretrained,-0.016288748010993004,,-0.016288748010993004,6,2016-02-29
2016-05-24,short_treasury,0.0034210325234342864,0.0034210325234342864,1.634757089620086e-07,-0.07451531303447446,cnn_2d_residual_small_extra_pretrained,0.009675665758550167,,0.009675665758550167,6,2016-02-29
2016-05-24,treasury_7_10y,0.015430994276909082,0.015430994276909082,2.455034194547344e-06,0.7412219952767933,cnn_2d_residual_small_extra_pretrained,0.007770725525915623,,0.007770725525915623,6,2016-02-29
