date,asset,target,future_return,future_downside,future_skew,model_name,signal_value,confidence,selection_score,fold
2017-05-09,alternative,0.02822580645161299,0.02822580645161299,2.1315397229779765e-05,-1.0823514199543516,cnn_2d_residual_small_extra_pretrained,-0.0018184296786785126,,-0.0018184296786785126,11
2017-05-09,corp_bond_ig,0.018357145637016847,0.018357145637016847,1.2790356551062093e-06,0.40979918579844654,cnn_2d_residual_small_extra_pretrained,0.00031985528767108917,,0.00031985528767108917,11
2017-05-09,developed_equity,0.019649557757714264,0.019649557757714264,1.3966716775581093e-05,-1.4513201081368337,cnn_2d_residual_small_extra_pretrained,-0.0004723123274743557,,-0.0004723123274743557,11
2017-05-09,emerging_equity,0.02433034435683079,0.02433034435683079,3.278511793808077e-05,-0.29955359520068287,cnn_2d_residual_small_extra_pretrained,-0.0011333785951137543,,-0.0011333785951137543,11
2017-05-09,korea_equity,0.03321146138705733,0.03321146138705733,3.7112103592803586e-05,-0.15297110119769014,cnn_2d_residual_small_extra_pretrained,-0.00761826429516077,,-0.00761826429516077,11
2017-05-09,short_treasury,0.001421574599947073,0.001421574599947073,1.1036438294123047e-07,0.2145274445346389,cnn_2d_residual_small_extra_pretrained,0.0025661876425147057,,0.0025661876425147057,11
2017-05-09,treasury_7_10y,0.018180079138803817,0.018180079138803817,9.648653097419993e-07,1.1143504078533226,cnn_2d_residual_small_extra_pretrained,-0.0003287186846137047,,-0.0003287186846137047,11
2017-05-10,alternative,0.023368263993038152,0.023368263993038152,2.2084332254770155e-05,-0.9483719331730974,cnn_2d_residual_small_extra_pretrained,-0.003515752963721752,,-0.003515752963721752,11
2017-05-10,corp_bond_ig,0.015206516690017269,0.015206516690017269,1.431194130794944e-06,0.5146438802351595,cnn_2d_residual_small_extra_pretrained,-0.0002498431131243706,,-0.0002498431131243706,11
2017-05-10,developed_equity,0.019639725379980932,0.019639725379980932,1.3966716775581093e-05,-1.4509831202547914,cnn_2d_residual_small_extra_pretrained,-0.0005940967239439487,,-0.0005940967239439487,11
2017-05-10,emerging_equity,0.02368167095664897,0.02368167095664897,3.278511793808077e-05,-0.2938384767601585,cnn_2d_residual_small_extra_pretrained,-0.0021418575197458267,,-0.0021418575197458267,11
2017-05-10,korea_equity,0.05158605402184446,0.05158605402184446,3.1425863922112646e-05,-0.34359527918995464,cnn_2d_residual_small_extra_pretrained,-0.006716429255902767,,-0.006716429255902767,11
2017-05-10,short_treasury,0.0009475521824648947,0.0009475521824648947,1.1316247802380563e-07,0.3414160167671947,cnn_2d_residual_small_extra_pretrained,0.002298892941325903,,0.002298892941325903,11
2017-05-10,treasury_7_10y,0.016955583221575976,0.016955583221575976,1.0826604394905822e-06,1.0970053450244674,cnn_2d_residual_small_extra_pretrained,-0.0009392276406288147,,-0.0009392276406288147,11
2017-05-11,alternative,0.022598832831962845,0.022598832831962845,2.2233479149572926e-05,-0.9271253987133374,cnn_2d_residual_small_extra_pretrained,-0.0030285948887467384,,-0.0030285948887467384,11
2017-05-11,corp_bond_ig,0.013678989634446692,0.013678989634446692,1.4810487086981713e-06,0.5758747708793456,cnn_2d_residual_small_extra_pretrained,-0.00010823551565408707,,-0.00010823551565408707,11
2017-05-11,developed_equity,0.02005774314714981,0.02005774314714981,1.3888083934066728e-05,-1.4694326623954133,cnn_2d_residual_small_extra_pretrained,-0.0004103071987628937,,-0.0004103071987628937,11
2017-05-11,emerging_equity,0.013641933829451558,0.013641933829451558,3.56973058946081e-05,-0.1453587369686255,cnn_2d_residual_small_extra_pretrained,-0.0014471793547272682,,-0.0014471793547272682,11
2017-05-11,korea_equity,0.029550002133085895,0.029550002133085895,3.273923687758358e-05,-0.23283574585220362,cnn_2d_residual_small_extra_pretrained,-0.007770294323563576,,-0.007770294323563576,11
2017-05-11,short_treasury,0.00047371997123168974,0.00047371997123168974,1.1946277389023415e-07,0.44757132123636634,cnn_2d_residual_small_extra_pretrained,0.0022322069853544235,,0.0022322069853544235,11
2017-05-11,treasury_7_10y,0.015239002244190392,0.015239002244190392,1.1260386607899018e-06,1.1494484249097854,cnn_2d_residual_small_extra_pretrained,-0.0015291422605514526,,-0.0015291422605514526,11
2017-05-12,alternative,0.01775623019490169,0.01775623019490169,2.33547669248265e-05,-0.8027478244829083,cnn_2d_residual_small_extra_pretrained,-0.003125099465250969,,-0.003125099465250969,11
2017-05-12,corp_bond_ig,0.00882133128224849,0.00882133128224849,1.481048708698171e-06,0.7149693905014209,cnn_2d_residual_small_extra_pretrained,-0.0006643030792474747,,-0.0006643030792474747,11
2017-05-12,developed_equity,0.017411992456045633,0.017411992456045633,1.4057999316313904e-05,-1.3664002503481174,cnn_2d_residual_small_extra_pretrained,-0.000425111036747694,,-0.000425111036747694,11
2017-05-12,emerging_equity,0.00412416700414675,0.00412416700414675,3.709504057558965e-05,0.013635501422757858,cnn_2d_residual_small_extra_pretrained,-0.0018932651728391647,,-0.0018932651728391647,11
2017-05-12,korea_equity,0.020491896778966234,0.020491896778966234,3.806083016673129e-05,-0.16768246380038382,cnn_2d_residual_small_extra_pretrained,-0.006727199070155621,,-0.006727199070155621,11
2017-05-12,short_treasury,-0.0008280067904679056,-0.0008280067904679056,1.2016366038259764e-07,0.35549262922845,cnn_2d_residual_small_extra_pretrained,0.0020406232215464115,,0.0020406232215464115,11
2017-05-12,treasury_7_10y,0.009887893381890223,0.009887893381890223,1.1277778223343146e-06,1.4850375360935937,cnn_2d_residual_small_extra_pretrained,-0.0004630754701793194,,-0.0004630754701793194,11
2017-05-15,alternative,0.020883521880490807,0.020883521880490807,2.33547669248265e-05,-0.7896468874515435,cnn_2d_residual_small_extra_pretrained,-0.005394349806010723,,-0.005394349806010723,11
2017-05-15,corp_bond_ig,0.009998340404721917,0.009998340404721917,1.4806956534457886e-06,0.6338141649459585,cnn_2d_residual_small_extra_pretrained,-0.0006596073508262634,,-0.0006596073508262634,11
2017-05-15,developed_equity,0.0164281234585133,0.0164281234585133,1.4057999316313904e-05,-1.4049190365189879,cnn_2d_residual_small_extra_pretrained,-0.00036007724702358246,,-0.00036007724702358246,11
2017-05-15,emerging_equity,-0.0012007501871620363,-0.0012007501871620363,3.709504057558965e-05,0.037266535728851705,cnn_2d_residual_small_extra_pretrained,-0.003887462429702282,,-0.003887462429702282,11
2017-05-15,korea_equity,0.024507550760249464,0.024507550760249464,3.806083016673129e-05,-0.13901124145164256,cnn_2d_residual_small_extra_pretrained,-0.006823894567787647,,-0.006823894567787647,11
2017-05-15,short_treasury,-0.000709778297174668,-0.000709778297174668,1.194637683675488e-07,0.3165443184394499,cnn_2d_residual_small_extra_pretrained,0.00233505223877728,,0.00233505223877728,11
2017-05-15,treasury_7_10y,0.010930983817301065,0.010930983817301065,1.1060510588828597e-06,1.447765338138719,cnn_2d_residual_small_extra_pretrained,-0.0013925768435001373,,-0.0013925768435001373,11
2017-05-16,alternative,0.015987210426814835,0.015987210426814835,2.33547669248265e-05,-0.7035373480281153,cnn_2d_residual_small_extra_pretrained,-0.009000441990792751,,-0.009000441990792751,11
2017-05-16,corp_bond_ig,0.01543750566491675,0.01543750566491675,1.4806956534457886e-06,0.7816546065368596,cnn_2d_residual_small_extra_pretrained,-0.001411900855600834,,-0.001411900855600834,11
2017-05-16,developed_equity,0.011297281169935225,0.011297281169935225,1.4388581706464471e-05,-1.2347574004469661,cnn_2d_residual_small_extra_pretrained,-0.0004179440438747406,,-0.0004179440438747406,11
2017-05-16,emerging_equity,-0.0023991956187360275,-0.0023991956187360275,3.709793023300887e-05,0.06047092978500876,cnn_2d_residual_small_extra_pretrained,-0.00226692296564579,,-0.00226692296564579,11
2017-05-16,korea_equity,0.02928802785542506,0.02928802785542506,3.806083016673129e-05,-0.21118107419938958,cnn_2d_residual_small_extra_pretrained,-0.0063028521835803986,,-0.0063028521835803986,11
2017-05-16,short_treasury,-0.0002365626801748011,-0.0002365626801748011,1.194637683675488e-07,0.19631529132551578,cnn_2d_residual_small_extra_pretrained,0.0018607359379529953,,0.0018607359379529953,11
2017-05-16,treasury_7_10y,0.014869133915831334,0.014869133915831334,1.1060510588828597e-06,1.1984357762801587,cnn_2d_residual_small_extra_pretrained,-0.0015812665224075317,,-0.0015812665224075317,11
2017-05-17,alternative,0.02607990755685652,0.02607990755685652,9.409163648819364e-06,0.40230771925557324,cnn_2d_residual_small_extra_pretrained,-0.009705948643386364,,-0.009705948643386364,11
2017-05-17,corp_bond_ig,0.006837889487531168,0.006837889487531168,1.7677622659170826e-06,0.9032271377672086,cnn_2d_residual_small_extra_pretrained,-0.0006845882162451744,,-0.0006845882162451744,11
2017-05-17,developed_equity,0.0220764485191014,0.0220764485191014,3.221443018085812e-06,0.5030084876669636,cnn_2d_residual_small_extra_pretrained,-0.00047551142051815987,,-0.00047551142051815987,11
2017-05-17,emerging_equity,0.00439346594612311,0.00439346594612311,2.7936523902405967e-05,0.3644258788256873,cnn_2d_residual_small_extra_pretrained,-0.002362818457186222,,-0.002362818457186222,11
2017-05-17,korea_equity,0.03042344828551502,0.03042344828551502,3.621513871264199e-05,-0.1640411318867445,cnn_2d_residual_small_extra_pretrained,-0.006484505720436573,,-0.006484505720436573,11
2017-05-17,short_treasury,-0.0016544479449818184,-0.0016544479449818184,1.2576406423397732e-07,-0.022342782321567025,cnn_2d_residual_small_extra_pretrained,0.001635662280023098,,0.001635662280023098,11
2017-05-17,treasury_7_10y,0.005041554592943864,0.005041554592943864,1.2612517890138075e-06,0.8977949243241089,cnn_2d_residual_small_extra_pretrained,-0.0020027407445013523,,-0.0020027407445013523,11
2017-05-18,alternative,0.011428583884725674,0.011428583884725674,2.1893975435063124e-05,-0.25016167141645734,cnn_2d_residual_small_extra_pretrained,-0.009489884600043297,,-0.009489884600043297,11
2017-05-18,corp_bond_ig,0.007839823186397865,0.007839823186397865,1.766371990104257e-06,0.8393473045663377,cnn_2d_residual_small_extra_pretrained,-0.0011239275336265564,,-0.0011239275336265564,11
2017-05-18,developed_equity,0.026067240893629773,0.026067240893629773,3.221443018085812e-06,0.37913178728585906,cnn_2d_residual_small_extra_pretrained,-0.0004551475867629051,,-0.0004551475867629051,11
2017-05-18,emerging_equity,0.023082657831793973,0.023082657831793973,1.4162644830270412e-05,0.9380821665008542,cnn_2d_residual_small_extra_pretrained,-0.002134835347533226,,-0.002134835347533226,11
2017-05-18,korea_equity,0.02749343804493587,0.02749343804493587,3.6401162944494776e-05,-0.11604777490958987,cnn_2d_residual_small_extra_pretrained,-0.006003080867230892,,-0.006003080867230892,11
2017-05-18,short_treasury,-0.0007094488849520575,-0.0007094488849520575,1.1459121863891429e-07,-0.22520429513193715,cnn_2d_residual_small_extra_pretrained,0.0007636938244104385,,0.0007636938244104385,11
2017-05-18,treasury_7_10y,0.005883425874534165,0.005883425874534165,1.2573297028850933e-06,0.838675935957674,cnn_2d_residual_small_extra_pretrained,-0.0022446531802415848,,-0.0022446531802415848,11
2017-05-19,alternative,0.005658889207003082,0.005658889207003082,2.1893975435063124e-05,-0.27807048148817587,cnn_2d_residual_small_extra_pretrained,-0.00871355552226305,,-0.00871355552226305,11
2017-05-19,corp_bond_ig,0.0060015104890975834,0.0060015104890975834,1.8434083532735213e-06,0.9181803415807503,cnn_2d_residual_small_extra_pretrained,-0.0011108340695500374,,-0.0011108340695500374,11
2017-05-19,developed_equity,0.02372333141161609,0.02372333141161609,3.221443018085812e-06,0.28137313395139396,cnn_2d_residual_small_extra_pretrained,-0.0004917606711387634,,-0.0004917606711387634,11
2017-05-19,emerging_equity,0.011664629998481502,0.011664629998481502,1.4162644830270412e-05,-0.36646188286711445,cnn_2d_residual_small_extra_pretrained,-0.0020269998349249363,,-0.0020269998349249363,11
2017-05-19,korea_equity,0.013479130913995219,0.013479130913995219,3.6401162944494776e-05,-0.4392736916312688,cnn_2d_residual_small_extra_pretrained,-0.007041907869279385,,-0.007041907869279385,11
2017-05-19,short_treasury,-0.0015366105882109737,-0.0015366105882109737,1.320861219015093e-07,-0.023022209781848508,cnn_2d_residual_small_extra_pretrained,0.0014124782755970955,,0.0014124782755970955,11
2017-05-19,treasury_7_10y,0.003362920131609215,0.003362920131609215,1.6412763347471807e-06,0.7731685003602091,cnn_2d_residual_small_extra_pretrained,-0.004090385511517525,,-0.004090385511517525,11
2017-05-22,alternative,-0.011217960670227622,-0.011217960670227622,2.5124917963922505e-05,-0.09784917403641562,cnn_2d_residual_small_extra_pretrained,-0.009052709676325321,,-0.009052709676325321,11
2017-05-22,corp_bond_ig,0.009093153523946906,0.009093153523946906,1.8086698242946029e-06,0.7273409999980666,cnn_2d_residual_small_extra_pretrained,-0.0013068672269582748,,-0.0013068672269582748,11
2017-05-22,developed_equity,-0.0023561810868595323,-0.0023561810868595323,2.086110310865569e-05,-1.6646486627519645,cnn_2d_residual_small_extra_pretrained,-0.0005452283658087254,,-0.0005452283658087254,11
2017-05-22,emerging_equity,-0.005098302779172226,-0.005098302779172226,2.6352145416325887e-05,-0.6483603418676303,cnn_2d_residual_small_extra_pretrained,-0.003107101656496525,,-0.003107101656496525,11
2017-05-22,korea_equity,-0.0028328976035602027,-0.0028328976035602027,4.321564518525643e-05,-0.24228373371869658,cnn_2d_residual_small_extra_pretrained,-0.0063528576865792274,,-0.0063528576865792274,11
2017-05-22,short_treasury,-0.0010641638668013043,-0.0010641638668013043,1.2579922324502065e-07,-0.17733450400122866,cnn_2d_residual_small_extra_pretrained,0.0012094005942344666,,0.0012094005942344666,11
2017-05-22,treasury_7_10y,0.00701393432955677,0.00701393432955677,1.5784446060606541e-06,0.5472686887508059,cnn_2d_residual_small_extra_pretrained,-0.003562771715223789,,-0.003562771715223789,11
2017-05-23,alternative,-0.0167731511606124,-0.0167731511606124,2.5420440781886116e-05,0.02888767004129623,cnn_2d_residual_small_extra_pretrained,-0.008414231240749359,,-0.008414231240749359,11
2017-05-23,corp_bond_ig,0.012719637180472088,0.012719637180472088,1.332283956351003e-06,0.7931625264150096,cnn_2d_residual_small_extra_pretrained,-0.001303099561482668,,-0.001303099561482668,11
2017-05-23,developed_equity,-0.0022363064971182567,-0.0022363064971182567,2.0839512904368e-05,-1.669436064643703,cnn_2d_residual_small_extra_pretrained,-0.000107557512819767,,-0.000107557512819767,11
2017-05-23,emerging_equity,-0.0038806657576652137,-0.0038806657576652137,2.6352145416325887e-05,-0.6714822557815853,cnn_2d_residual_small_extra_pretrained,-0.003765266388654709,,-0.003765266388654709,11
2017-05-23,korea_equity,0.0005987018608639705,0.0005987018608639705,4.242326067502629e-05,-0.3044267711493499,cnn_2d_residual_small_extra_pretrained,-0.00664577167481184,,-0.00664577167481184,11
2017-05-23,short_treasury,-0.0005914720986077704,-0.0005914720986077704,1.1950786360387956e-07,-0.33501084862456765,cnn_2d_residual_small_extra_pretrained,0.00153827341273427,,0.00153827341273427,11
2017-05-23,treasury_7_10y,0.009563962761115485,0.009563962761115485,1.2360425968176672e-06,0.5745096422454733,cnn_2d_residual_small_extra_pretrained,-0.0034837061539292336,,-0.0034837061539292336,11
2017-05-24,alternative,-0.019888624190097515,-0.019888624190097515,2.5420440781886116e-05,0.08846214716330883,cnn_2d_residual_small_extra_pretrained,-0.00954299047589302,,-0.00954299047589302,11
2017-05-24,corp_bond_ig,0.011947533428081192,0.011947533428081192,1.3322839563510028e-06,0.851755829451202,cnn_2d_residual_small_extra_pretrained,-0.0011861654929816723,,-0.0011861654929816723,11
2017-05-24,developed_equity,-0.006679046700293845,-0.006679046700293845,2.0839512904368e-05,-1.6596691288247267,cnn_2d_residual_small_extra_pretrained,-0.0015533240512013435,,-0.0015533240512013435,11
2017-05-24,emerging_equity,-0.0026576615601271447,-0.0026576615601271447,2.6352145416325887e-05,-0.6729187398131095,cnn_2d_residual_small_extra_pretrained,-0.00440888199955225,,-0.00440888199955225,11
2017-05-24,korea_equity,0.0034215370925674282,0.0034215370925674282,4.242326067502629e-05,-0.30562820692751097,cnn_2d_residual_small_extra_pretrained,-0.005363724194467068,,-0.005363724194467068,11
2017-05-24,short_treasury,-0.0010639123038986842,-0.0010639123038986842,1.1950786360387956e-07,-0.3751667378563698,cnn_2d_residual_small_extra_pretrained,0.0013611409813165665,,0.0013611409813165665,11
2017-05-24,treasury_7_10y,0.008421389289363868,0.008421389289363868,1.2360425968176672e-06,0.6612201034626551,cnn_2d_residual_small_extra_pretrained,-0.0029128557071089745,,-0.0029128557071089745,11
2017-05-25,alternative,-0.02136079545128755,-0.02136079545128755,2.5420440781886116e-05,0.09784943312917473,cnn_2d_residual_small_extra_pretrained,-0.01099842507392168,,-0.01099842507392168,11
2017-05-25,corp_bond_ig,0.012026077059434925,0.012026077059434925,1.332283956351003e-06,0.8466906480999513,cnn_2d_residual_small_extra_pretrained,-0.000972457230091095,,-0.000972457230091095,11
2017-05-25,developed_equity,-0.0038328087181116466,-0.0038328087181116466,2.0839512904368e-05,-1.6821238707922668,cnn_2d_residual_small_extra_pretrained,-0.0031903190538287163,,-0.0031903190538287163,11
2017-05-25,emerging_equity,-0.0021639853872972292,-0.0021639853872972292,2.6352145416325887e-05,-0.671447987543118,cnn_2d_residual_small_extra_pretrained,-0.004717676900327206,,-0.004717676900327206,11
2017-05-25,korea_equity,0.0017668249384155121,0.0017668249384155121,4.242326067502629e-05,-0.3187371402550469,cnn_2d_residual_small_extra_pretrained,-0.0076082618907094,,-0.0076082618907094,11
2017-05-25,short_treasury,-0.0004727897844215567,-0.0004727897844215567,1.1950786360387953e-07,-0.3733879451664679,cnn_2d_residual_small_extra_pretrained,0.0019211540929973125,,0.0019211540929973125,11
2017-05-25,treasury_7_10y,0.008136189508080482,0.008136189508080482,1.236042596817667e-06,0.6825792353948194,cnn_2d_residual_small_extra_pretrained,-0.0027417484670877457,,-0.0027417484670877457,11
2017-05-26,alternative,-0.019047631157769085,-0.019047631157769085,2.495239106913618e-05,0.04045620392018801,cnn_2d_residual_small_extra_pretrained,-0.010908436961472034,,-0.010908436961472034,11
2017-05-26,corp_bond_ig,0.013101891603387816,0.013101891603387816,1.3322839563510028e-06,0.7655845682676445,cnn_2d_residual_small_extra_pretrained,-0.0012252493761479855,,-0.0012252493761479855,11
2017-05-26,developed_equity,-0.002843666361887043,-0.002843666361887043,2.0839512904368e-05,-1.7053927842766978,cnn_2d_residual_small_extra_pretrained,-0.004264689050614834,,-0.004264689050614834,11
2017-05-26,emerging_equity,0.003833249664066285,0.003833249664066285,2.6352145416325893e-05,-0.5847729790458969,cnn_2d_residual_small_extra_pretrained,-0.0035926001146435738,,-0.0035926001146435738,11
2017-05-26,korea_equity,-0.0008767560760923887,-0.0008767560760923887,4.242326067502629e-05,-0.3050084393225426,cnn_2d_residual_small_extra_pretrained,-0.008595219813287258,,-0.008595219813287258,11
2017-05-26,short_treasury,-0.00035467934083044383,-0.00035467934083044383,1.1880986471585023e-07,-0.41717243414592226,cnn_2d_residual_small_extra_pretrained,0.0018523074686527252,,0.0018523074686527252,11
2017-05-26,treasury_7_10y,0.008317751305125576,0.008317751305125576,1.236042596817667e-06,0.6680045024783599,cnn_2d_residual_small_extra_pretrained,-0.0018781907856464386,,-0.0018781907856464386,11
2017-05-30,alternative,-0.02296121501034709,-0.02296121501034709,2.5083303175647493e-05,0.13631070088803354,cnn_2d_residual_small_extra_pretrained,-0.011794292367994785,,-0.011794292367994785,11
2017-05-30,corp_bond_ig,0.006161001248931486,0.006161001248931486,2.358556755770211e-06,0.5747115651356772,cnn_2d_residual_small_extra_pretrained,-0.001176229678094387,,-0.001176229678094387,11
2017-05-30,developed_equity,-0.008518548659336433,-0.008518548659336433,2.1728159770367972e-05,-1.5120098521442047,cnn_2d_residual_small_extra_pretrained,-0.004760599695146084,,-0.004760599695146084,11
2017-05-30,emerging_equity,-0.0026493402971770053,-0.0026493402971770053,3.1801229210017946e-05,-0.5688694518595103,cnn_2d_residual_small_extra_pretrained,-0.0035318369045853615,,-0.0035318369045853615,11
2017-05-30,korea_equity,0.003852911883550192,0.003852911883550192,3.696557347921163e-05,-0.2557223062335536,cnn_2d_residual_small_extra_pretrained,-0.00755580049008131,,-0.00755580049008131,11
2017-05-30,short_treasury,-0.001300089936863813,-0.001300089936863813,1.3629768858739795e-07,-0.19464051695915485,cnn_2d_residual_small_extra_pretrained,0.0020771785639226437,,0.0020771785639226437,11
2017-05-30,treasury_7_10y,0.000839041391831552,0.000839041391831552,2.4426260402911914e-06,0.36106389893302415,cnn_2d_residual_small_extra_pretrained,-0.0014538448303937912,,-0.0014538448303937912,11
2017-05-31,alternative,-0.011111123221261177,-0.011111123221261177,2.480119567884116e-05,0.04769235837936422,cnn_2d_residual_small_extra_pretrained,-0.011220444925129414,,-0.011220444925129414,11
2017-05-31,corp_bond_ig,0.006070713986973786,0.006070713986973786,2.358556755770211e-06,0.5807218926755271,cnn_2d_residual_small_extra_pretrained,-0.001035571563988924,,-0.001035571563988924,11
2017-05-31,developed_equity,0.000866011298261915,0.000866011298261915,2.1507923697781792e-05,-1.4749477957686898,cnn_2d_residual_small_extra_pretrained,-0.004280418157577515,,-0.004280418157577515,11
2017-05-31,emerging_equity,0.012864047802970457,0.012864047802970457,2.883124299641748e-05,-0.7918773350447681,cnn_2d_residual_small_extra_pretrained,-0.003210725262761116,,-0.003210725262761116,11
2017-05-31,korea_equity,0.006497377930816395,0.006497377930816395,3.696557347921163e-05,-0.28430788145770025,cnn_2d_residual_small_extra_pretrained,-0.007805577479302883,,-0.007805577479302883,11
2017-05-31,short_treasury,-0.0009454245858898647,-0.0009454245858898647,1.3629768858739795e-07,-0.22231765493634048,cnn_2d_residual_small_extra_pretrained,0.0019965055398643017,,0.0019965055398643017,11
2017-05-31,treasury_7_10y,-0.000559052914315572,-0.000559052914315572,2.4860042615905112e-06,0.44875334526214733,cnn_2d_residual_small_extra_pretrained,-0.0005438178777694702,,-0.0005438178777694702,11
2017-06-01,alternative,-0.027386540817080696,-0.027386540817080696,2.509103892568427e-05,-0.3551523109055636,cnn_2d_residual_small_extra_pretrained,-0.01038637850433588,,-0.01038637850433588,11
2017-06-01,corp_bond_ig,0.005418485585525934,0.005418485585525934,2.5354381824512137e-06,0.5427397336506968,cnn_2d_residual_small_extra_pretrained,-0.0004505384713411331,,-0.0004505384713411331,11
2017-06-01,developed_equity,-0.014240069307046577,-0.014240069307046577,2.4258180430731842e-05,-1.343638216829087,cnn_2d_residual_small_extra_pretrained,-0.005567559041082859,,-0.005567559041082859,11
2017-06-01,emerging_equity,-0.00842354947166668,-0.00842354947166668,3.6896588623441134e-05,-0.598089570007488,cnn_2d_residual_small_extra_pretrained,-0.0018459996208548546,,-0.0018459996208548546,11
2017-06-01,korea_equity,-0.005904953328804918,-0.005904953328804918,4.420236825852215e-05,-0.16648378032672342,cnn_2d_residual_small_extra_pretrained,-0.007394598796963692,,-0.007394598796963692,11
2017-06-01,short_treasury,-0.0005914720986077704,-0.0005914720986077704,1.0909826837872165e-07,-0.039392860676512875,cnn_2d_residual_small_extra_pretrained,0.00221823388710618,,0.00221823388710618,11
2017-06-01,treasury_7_10y,-0.002240876444340234,-0.002240876444340234,2.971261187818794e-06,0.35895619804962214,cnn_2d_residual_small_extra_pretrained,-0.00024318695068359375,,-0.00024318695068359375,11
2017-06-02,alternative,-0.026541834451795032,-0.026541834451795032,2.5091038925684264e-05,-0.361494059527031,cnn_2d_residual_small_extra_pretrained,-0.010188001208007336,,-0.010188001208007336,11
2017-06-02,corp_bond_ig,-8.292820373634324e-05,-8.292820373634324e-05,2.569809019694675e-06,0.7282284637029014,cnn_2d_residual_small_extra_pretrained,-0.0007083844393491745,,-0.0007083844393491745,11
2017-06-02,developed_equity,-0.018690432053373285,-0.018690432053373285,2.4258180430731842e-05,-1.3663761084854256,cnn_2d_residual_small_extra_pretrained,-0.005106856115162373,,-0.005106856115162373,11
2017-06-02,emerging_equity,-0.008860128035349524,-0.008860128035349524,3.689658862344115e-05,-0.5968431279490144,cnn_2d_residual_small_extra_pretrained,-0.0020452626049518585,,-0.0020452626049518585,11
2017-06-02,korea_equity,-0.012379930937648775,-0.012379930937648775,4.420236825852215e-05,-0.264855311879837,cnn_2d_residual_small_extra_pretrained,-0.008599395863711834,,-0.008599395863711834,11
2017-06-02,short_treasury,-0.0013002436446285515,-0.0013002436446285515,1.0909826837872165e-07,-0.09306895819666401,cnn_2d_residual_small_extra_pretrained,0.002281788969412446,,0.002281788969412446,11
2017-06-02,treasury_7_10y,-0.00892441282138301,-0.00892441282138301,3.2449264521897687e-06,0.47859166711829715,cnn_2d_residual_small_extra_pretrained,-0.000872632022947073,,-0.000872632022947073,11
2017-06-05,alternative,-0.02194353805522309,-0.02194353805522309,2.4329266995611682e-05,-0.4878983718460864,cnn_2d_residual_small_extra_pretrained,-0.010141764767467976,,-0.010141764767467976,11
2017-06-05,corp_bond_ig,-0.0020802130085302295,-0.0020802130085302295,3.330082195170218e-06,0.4565349072797677,cnn_2d_residual_small_extra_pretrained,-0.0005413424223661423,,-0.0005413424223661423,11
2017-06-05,developed_equity,-0.015073477335041274,-0.015073477335041274,2.375377430788275e-05,-1.4802258578094538,cnn_2d_residual_small_extra_pretrained,-0.0042950985953211784,,-0.0042950985953211784,11
2017-06-05,emerging_equity,-0.0019179577586517782,-0.0019179577586517782,3.682491228454382e-05,-0.6894269133917107,cnn_2d_residual_small_extra_pretrained,-0.0012872680090367794,,-0.0012872680090367794,11
2017-06-05,korea_equity,-0.010218933550980802,-0.010218933550980802,4.3931921705175904e-05,-0.30694614041975055,cnn_2d_residual_small_extra_pretrained,-0.008190196007490158,,-0.008190196007490158,11
2017-06-05,short_treasury,-0.0020110986797617914,-0.0020110986797617914,1.9323332539627318e-07,-1.065866634503091,cnn_2d_residual_small_extra_pretrained,0.0030954834073781967,,0.0030954834073781967,11
2017-06-05,treasury_7_10y,-0.012384782927774896,-0.012384782927774896,4.435698492286345e-06,0.24534736231053322,cnn_2d_residual_small_extra_pretrained,-0.000742658507078886,,-0.000742658507078886,11
2017-06-06,alternative,-0.019685039370078705,-0.019685039370078705,2.3512670684103494e-05,-0.5526582419127885,cnn_2d_residual_small_extra_pretrained,-0.008813644759356976,,-0.008813644759356976,11
2017-06-06,corp_bond_ig,-0.0033186885416912615,-0.0033186885416912615,3.330082195170218e-06,0.4960989996921682,cnn_2d_residual_small_extra_pretrained,-0.0008052759803831577,,-0.0008052759803831577,11
2017-06-06,developed_equity,-0.012280486261234125,-0.012280486261234125,2.353676508572686e-05,-1.5601684526854742,cnn_2d_residual_small_extra_pretrained,-0.004060639999806881,,-0.004060639999806881,11
2017-06-06,emerging_equity,-0.0043134509261999465,-0.0043134509261999465,3.7009565559449964e-05,-0.6366369732207026,cnn_2d_residual_small_extra_pretrained,-0.0009553423151373863,,-0.0009553423151373863,11
2017-06-06,korea_equity,-0.01737229841468979,-0.01737229841468979,4.654355667306805e-05,-0.18359265265767638,cnn_2d_residual_small_extra_pretrained,-0.008252396248281002,,-0.008252396248281002,11
2017-06-06,short_treasury,-0.0020103852158642743,-0.0020103852158642743,1.9323332539627318e-07,-1.0656858876532418,cnn_2d_residual_small_extra_pretrained,0.0029066086281090975,,0.0029066086281090975,11
2017-06-06,treasury_7_10y,-0.014759156388560735,-0.014759156388560735,4.435698492286345e-06,0.24620785728613445,cnn_2d_residual_small_extra_pretrained,-0.0005407156422734261,,-0.0005407156422734261,11
2017-06-07,alternative,-0.03058824726179532,-0.03058824726179532,2.61255406267959e-05,-0.32912953718072857,cnn_2d_residual_small_extra_pretrained,-0.009036908857524395,,-0.009036908857524395,11
2017-06-07,corp_bond_ig,-0.004651915362772874,-0.004651915362772874,3.5855947020534305e-06,0.5140656673455298,cnn_2d_residual_small_extra_pretrained,-0.000626616645604372,,-0.000626616645604372,11
2017-06-07,developed_equity,-0.019148122440402315,-0.019148122440402315,2.5626710501648287e-05,-1.3139341126610615,cnn_2d_residual_small_extra_pretrained,-0.0032719001173973083,,-0.0032719001173973083,11
2017-06-07,emerging_equity,-0.01511518866368633,-0.01511518866368633,4.4178276374759676e-05,-0.49416426785845635,cnn_2d_residual_small_extra_pretrained,-0.0008325576782226562,,-0.0008325576782226562,11
2017-06-07,korea_equity,-0.018725990102936074,-0.018725990102936074,4.7990567722399426e-05,-0.18546886259617257,cnn_2d_residual_small_extra_pretrained,-0.007604721002280712,,-0.007604721002280712,11
2017-06-07,short_treasury,-0.001419556594349447,-0.001419556594349447,1.8694047732656849e-07,-1.2254333596226998,cnn_2d_residual_small_extra_pretrained,0.0031788297928869724,,0.0031788297928869724,11
2017-06-07,treasury_7_10y,-0.014786537300665925,-0.014786537300665925,4.440886901085141e-06,0.24746940697981742,cnn_2d_residual_small_extra_pretrained,-0.00041264109313488007,,-0.00041264109313488007,11
2017-06-08,alternative,-0.02125981849009595,-0.02125981849009595,2.535660560180551e-05,-0.4641352518507106,cnn_2d_residual_small_extra_pretrained,-0.009161477908492088,,-0.009161477908492088,11
2017-06-08,corp_bond_ig,-0.0037446696771148424,-0.0037446696771148424,3.4682617874595114e-06,0.47844976049526045,cnn_2d_residual_small_extra_pretrained,-0.00015746289864182472,,-0.00015746289864182472,11
2017-06-08,developed_equity,-0.015335541249414164,-0.015335541249414164,2.5626710501648287e-05,-1.3093823336964803,cnn_2d_residual_small_extra_pretrained,-0.0043534450232982635,,-0.0043534450232982635,11
2017-06-08,emerging_equity,-0.019079399743333614,-0.019079399743333614,4.4178276374759676e-05,-0.46516862743285053,cnn_2d_residual_small_extra_pretrained,-0.00221316609531641,,-0.00221316609531641,11
2017-06-08,korea_equity,-0.01962225727515654,-0.01962225727515654,4.7990567722399426e-05,-0.18327282812707366,cnn_2d_residual_small_extra_pretrained,-0.008013793267309666,,-0.008013793267309666,11
2017-06-08,short_treasury,-0.0013016282992661665,-0.0013016282992661665,1.8484443168343638e-07,-1.2721380845489847,cnn_2d_residual_small_extra_pretrained,0.0033796110656112432,,0.0033796110656112432,11
2017-06-08,treasury_7_10y,-0.014810021965777187,-0.014810021965777187,4.444677765024909e-06,0.24875087771928714,cnn_2d_residual_small_extra_pretrained,-0.000432504341006279,,-0.000432504341006279,11
2017-06-09,alternative,-0.015785320032935868,-0.015785320032935868,2.5077599367494615e-05,-0.5801713218005738,cnn_2d_residual_small_extra_pretrained,-0.009570573456585407,,-0.009570573456585407,11
2017-06-09,corp_bond_ig,-0.00108292277807287,-0.00108292277807287,3.4184072095562846e-06,0.3189987841425388,cnn_2d_residual_small_extra_pretrained,-0.0045126648619771,,-0.0045126648619771,11
2017-06-09,developed_equity,-0.011920869951597357,-0.011920869951597357,2.5479207628480975e-05,-1.3871850638499401,cnn_2d_residual_small_extra_pretrained,-0.004323873668909073,,-0.004323873668909073,11
2017-06-09,emerging_equity,-0.0021629452359465118,-0.0021629452359465118,4.126608841823235e-05,-0.6381427677314252,cnn_2d_residual_small_extra_pretrained,-0.002016832120716572,,-0.002016832120716572,11
2017-06-09,korea_equity,-0.008095422902466787,-0.008095422902466787,4.6677194766928484e-05,-0.35460706391025604,cnn_2d_residual_small_extra_pretrained,-0.007891476154327393,,-0.007891476154327393,11
2017-06-09,short_treasury,-0.0004734956668779322,-0.0004734956668779322,1.7854413581700785e-07,-1.3988974738985978,cnn_2d_residual_small_extra_pretrained,0.0038214370142668486,,0.0038214370142668486,11
2017-06-09,treasury_7_10y,-0.01258622456865588,-0.01258622456865588,4.401299543725589e-06,0.11873541750611233,cnn_2d_residual_small_extra_pretrained,-0.0033405395224690437,,-0.0033405395224690437,11
2017-06-12,alternative,-0.011102311996984193,-0.011102311996984193,2.3956311592241042e-05,-0.7126612715010286,cnn_2d_residual_small_extra_pretrained,-0.00881852675229311,,-0.00881852675229311,11
2017-06-12,corp_bond_ig,-0.0009160610315971374,-0.0009160610315971374,3.4184072095562846e-06,0.30825795313070675,cnn_2d_residual_small_extra_pretrained,-0.0050738416612148285,,-0.0050738416612148285,11
2017-06-12,developed_equity,-0.009603530750724176,-0.009603530750724176,2.5309292246233802e-05,-1.4530401258506662,cnn_2d_residual_small_extra_pretrained,-0.0049806078895926476,,-0.0049806078895926476,11
2017-06-12,emerging_equity,0.011355429515195192,0.011355429515195192,3.98683537372508e-05,-0.8137088283454893,cnn_2d_residual_small_extra_pretrained,-0.002214222215116024,,-0.002214222215116024,11
2017-06-12,korea_equity,0.004164789012583103,0.004164789012583103,4.1216668941024196e-05,-0.5369011841550323,cnn_2d_residual_small_extra_pretrained,-0.008111960254609585,,-0.008111960254609585,11
2017-06-12,short_treasury,0.0,0.0,1.7784324932464437e-07,-1.477832637634613,cnn_2d_residual_small_extra_pretrained,0.004113668575882912,,0.004113668575882912,11
2017-06-12,treasury_7_10y,-0.01109655758780792,-0.01109655758780792,4.399560382181177e-06,0.04078722813607087,cnn_2d_residual_small_extra_pretrained,-0.0023108934983611107,,-0.0023108934983611107,11
2017-06-13,alternative,-0.013375271193164728,-0.013375271193164728,2.3956311592241042e-05,-0.8039138771068419,cnn_2d_residual_small_extra_pretrained,-0.00899551436305046,,-0.00899551436305046,11
2017-06-13,corp_bond_ig,0.0024124525225521776,0.0024124525225521776,3.4184072095562846e-06,0.2848628183303882,cnn_2d_residual_small_extra_pretrained,-0.004686382599174976,,-0.004686382599174976,11
2017-06-13,developed_equity,-0.008693511698187217,-0.008693511698187217,2.5309292246233802e-05,-1.411587912770669,cnn_2d_residual_small_extra_pretrained,-0.0057194167748093605,,-0.0057194167748093605,11
2017-06-13,emerging_equity,0.025967732926065468,0.025967732926065468,3.98683537372508e-05,-0.38365402458619685,cnn_2d_residual_small_extra_pretrained,-0.0023739514872431755,,-0.0023739514872431755,11
2017-06-13,korea_equity,0.008218338180361329,0.008218338180361329,4.1216668941024196e-05,-0.31928422774804577,cnn_2d_residual_small_extra_pretrained,-0.007696541957557201,,-0.007696541957557201,11
2017-06-13,short_treasury,0.0004735517337430828,0.0004735517337430828,1.7784324932464437e-07,-1.4980536186446451,cnn_2d_residual_small_extra_pretrained,0.003903755219653249,,0.003903755219653249,11
2017-06-13,treasury_7_10y,-0.008575672813326496,-0.008575672813326496,4.399560382181178e-06,0.005850379236942792,cnn_2d_residual_small_extra_pretrained,-0.001999253872781992,,-0.001999253872781992,11
2017-06-14,alternative,-0.008654590773618853,-0.008654590773618853,2.3956311592241042e-05,-0.8462442218764564,cnn_2d_residual_small_extra_pretrained,-0.009051354601979256,,-0.009051354601979256,11
2017-06-14,corp_bond_ig,-0.0061141689765604745,-0.0061141689765604745,3.570262774988539e-06,-0.26418848144968304,cnn_2d_residual_small_extra_pretrained,-0.010067467577755451,,-0.010067467577755451,11
2017-06-14,developed_equity,-0.002577941159254027,-0.002577941159254027,2.4978709856083237e-05,-1.5322170629579028,cnn_2d_residual_small_extra_pretrained,-0.006907557137310505,,-0.006907557137310505,11
2017-06-14,emerging_equity,0.03126501153950456,0.03126501153950456,3.986546407983158e-05,-0.4685975368967384,cnn_2d_residual_small_extra_pretrained,-0.003005753271281719,,-0.003005753271281719,11
2017-06-14,korea_equity,0.00846347353547472,0.00846347353547472,4.1216668941024196e-05,-0.32128994651078024,cnn_2d_residual_small_extra_pretrained,-0.008199307136237621,,-0.008199307136237621,11
2017-06-14,short_treasury,-0.00047332758864282454,-0.00047332758864282454,1.8904519963316694e-07,-1.2835770006858316,cnn_2d_residual_small_extra_pretrained,0.003776779631152749,,0.003776779631152749,11
2017-06-14,treasury_7_10y,-0.014744031823858306,-0.014744031823858306,4.453041876316814e-06,-0.41797818018078553,cnn_2d_residual_small_extra_pretrained,-0.004487249068915844,,-0.004487249068915844,11
2017-06-15,alternative,0.008737080705237155,0.008737080705237155,1.9499346867544284e-05,-1.026121802254463,cnn_2d_residual_small_extra_pretrained,-0.009994876570999622,,-0.009994876570999622,11
2017-06-15,corp_bond_ig,-0.0014079689577028986,-0.0014079689577028986,3.2831961625172445e-06,-0.47208050668335205,cnn_2d_residual_small_extra_pretrained,-0.007994749583303928,,-0.007994749583303928,11
2017-06-15,developed_equity,0.008022729607636059,0.008022729607636059,2.351992456709383e-05,-1.764151692868679,cnn_2d_residual_small_extra_pretrained,-0.006306246854364872,,-0.006306246854364872,11
2017-06-15,emerging_equity,0.05516395039836941,0.05516395039836941,3.4518115153476195e-05,-0.6808914765380927,cnn_2d_residual_small_extra_pretrained,-0.0032828515395522118,,-0.0032828515395522118,11
2017-06-15,korea_equity,0.044955470485167126,0.044955470485167126,2.7622166033230615e-05,-0.08945253227856206,cnn_2d_residual_small_extra_pretrained,-0.00822610966861248,,-0.00822610966861248,11
2017-06-15,short_treasury,0.00035509917264242574,0.00035509917264242574,1.827449037667384e-07,-1.4451316674269923,cnn_2d_residual_small_extra_pretrained,0.003737405641004443,,0.003737405641004443,11
2017-06-15,treasury_7_10y,-0.011611704433645564,-0.011611704433645564,4.297841146185867e-06,-0.5759714970113433,cnn_2d_residual_small_extra_pretrained,-0.003333411179482937,,-0.003333411179482937,11
2017-06-16,alternative,0.02582725511568129,0.02582725511568129,6.881695457168879e-06,-0.2724727005439988,cnn_2d_residual_small_extra_pretrained,-0.009930516593158245,,-0.009930516593158245,11
2017-06-16,corp_bond_ig,-0.0013240320884110313,-0.0013240320884110313,3.2831961625172445e-06,-0.4759715251901423,cnn_2d_residual_small_extra_pretrained,-0.007312440313398838,,-0.007312440313398838,11
2017-06-16,developed_equity,0.0002454177987549766,0.0002454177987549766,2.373656194965842e-05,-1.6873017581268857,cnn_2d_residual_small_extra_pretrained,-0.005723487585783005,,-0.005723487585783005,11
2017-06-16,emerging_equity,0.04852013441948855,0.04852013441948855,3.55789240183249e-05,-0.5660849152566136,cnn_2d_residual_small_extra_pretrained,-0.002615826204419136,,-0.002615826204419136,11
2017-06-16,korea_equity,0.040880037717133444,0.040880037717133444,2.913059701881777e-05,-0.04900641990452674,cnn_2d_residual_small_extra_pretrained,-0.009011153131723404,,-0.009011153131723404,11
2017-06-16,short_treasury,0.0,0.0,1.827449037667384e-07,-1.4547808461450278,cnn_2d_residual_small_extra_pretrained,0.0037000312004238367,,0.0037000312004238367,11
2017-06-16,treasury_7_10y,-0.010955345977213815,-0.010955345977213815,4.297841146185867e-06,-0.5873038879014473,cnn_2d_residual_small_extra_pretrained,-0.002760200761258602,,-0.002760200761258602,11
2017-06-19,alternative,0.01848870895620358,0.01848870895620358,7.376920056975383e-06,-0.06813521338171008,cnn_2d_residual_small_extra_pretrained,-0.009259323589503765,,-0.009259323589503765,11
2017-06-19,corp_bond_ig,0.004225656612142137,0.004225656612142137,3.206159799347981e-06,-0.4502873025418375,cnn_2d_residual_small_extra_pretrained,-0.005916076712310314,,-0.005916076712310314,11
2017-06-19,developed_equity,-0.003902911369212503,-0.003902911369212503,2.3736561949658418e-05,-1.7767369697444864,cnn_2d_residual_small_extra_pretrained,-0.005623078905045986,,-0.005623078905045986,11
2017-06-19,emerging_equity,0.041316295024628635,0.041316295024628635,3.55789240183249e-05,-0.5036098903795699,cnn_2d_residual_small_extra_pretrained,-0.002964187413454056,,-0.002964187413454056,11
2017-06-19,korea_equity,0.0412295107288434,0.0412295107288434,2.913059701881777e-05,-0.05374213017390478,cnn_2d_residual_small_extra_pretrained,-0.009390367195010185,,-0.009390367195010185,11
2017-06-19,short_treasury,0.0008286929538610099,0.0008286929538610099,1.6525000050414342e-07,-1.7764003397581363,cnn_2d_residual_small_extra_pretrained,0.003512549912557006,,0.003512549912557006,11
2017-06-19,treasury_7_10y,-0.00456200983574595,-0.00456200983574595,3.909970230319176e-06,-0.6091433754944341,cnn_2d_residual_small_extra_pretrained,-0.001509915105998516,,-0.001509915105998516,11
2017-06-20,alternative,0.030794127839344876,0.030794127839344876,4.145977528116003e-06,0.018321144622025866,cnn_2d_residual_small_extra_pretrained,-0.00870311725884676,,-0.00870311725884676,11
2017-06-20,corp_bond_ig,0.0016534770101730434,0.0016534770101730434,3.2116040607229873e-06,-0.33438967156797106,cnn_2d_residual_small_extra_pretrained,-0.006631328724324703,,-0.006631328724324703,11
2017-06-20,developed_equity,0.020012438426658452,0.020012438426658452,6.09690185908854e-06,-0.5522448048922799,cnn_2d_residual_small_extra_pretrained,-0.004198896698653698,,-0.004198896698653698,11
2017-06-20,emerging_equity,0.06661785194562131,0.06661785194562131,2.3389423432269424e-05,-0.5844655202107135,cnn_2d_residual_small_extra_pretrained,-0.0032877372577786446,,-0.0032877372577786446,11
2017-06-20,korea_equity,0.05726677614148601,0.05726677614148601,2.231611477805611e-05,-0.12260956878290429,cnn_2d_residual_small_extra_pretrained,-0.00974725466221571,,-0.00974725466221571,11
2017-06-20,short_treasury,0.0007101983452848515,0.0007101983452848515,1.652500005041434e-07,-1.7405416220595908,cnn_2d_residual_small_extra_pretrained,0.003358316607773304,,0.003358316607773304,11
2017-06-20,treasury_7_10y,-0.007057969298630562,-0.007057969298630562,3.909970230319177e-06,-0.5900139158376159,cnn_2d_residual_small_extra_pretrained,-0.0018851254135370255,,-0.0018851254135370255,11
2017-06-21,alternative,0.033306243094576526,0.033306243094576526,3.85045471015239e-06,-0.029954213716416517,cnn_2d_residual_small_extra_pretrained,-0.01001263689249754,,-0.01001263689249754,11
2017-06-21,corp_bond_ig,0.0020657743094916192,0.0020657743094916192,3.2116040607229873e-06,-0.3578025864584747,cnn_2d_residual_small_extra_pretrained,-0.006141253747045994,,-0.006141253747045994,11
2017-06-21,developed_equity,0.024405418304771498,0.024405418304771498,5.9454863974360405e-06,-0.7283320766328507,cnn_2d_residual_small_extra_pretrained,-0.005265390500426292,,-0.005265390500426292,11
2017-06-21,emerging_equity,0.06306306724697364,0.06306306724697364,2.3454847141721537e-05,-0.5148327165895229,cnn_2d_residual_small_extra_pretrained,-0.0025976700708270073,,-0.0025976700708270073,11
2017-06-21,korea_equity,0.0614901381737758,0.0614901381737758,2.2298228607241185e-05,-0.19821105985857618,cnn_2d_residual_small_extra_pretrained,-0.009810215793550014,,-0.009810215793550014,11
2017-06-21,short_treasury,0.0005918221448939498,0.0005918221448939498,1.6525000050414342e-07,-1.7054138572365662,cnn_2d_residual_small_extra_pretrained,0.003344587981700897,,0.003344587981700897,11
2017-06-21,treasury_7_10y,-0.006687110921775763,-0.006687110921775763,3.909538825056304e-06,-0.6125072189078605,cnn_2d_residual_small_extra_pretrained,-0.002395263873040676,,-0.002395263873040676,11
2017-06-22,alternative,0.03571429898433687,0.03571429898433687,3.850454710152391e-06,-0.12083575479946329,cnn_2d_residual_small_extra_pretrained,-0.009580753743648529,,-0.009580753743648529,11
2017-06-22,corp_bond_ig,0.003550200589703012,0.003550200589703012,3.2116040607229873e-06,-0.4003508387833076,cnn_2d_residual_small_extra_pretrained,-0.005600356496870518,,-0.005600356496870518,11
2017-06-22,developed_equity,0.020171868955668693,0.020171868955668693,6.799442455287914e-06,-0.6003809779806641,cnn_2d_residual_small_extra_pretrained,-0.0055302344262599945,,-0.0055302344262599945,11
2017-06-22,emerging_equity,0.056928351703269486,0.056928351703269486,2.3478452451837485e-05,-0.40106418186564885,cnn_2d_residual_small_extra_pretrained,-0.004420268349349499,,-0.004420268349349499,11
2017-06-22,korea_equity,0.05945147987638233,0.05945147987638233,2.2298228607241185e-05,-0.17934577319930442,cnn_2d_residual_small_extra_pretrained,-0.010462193749845028,,-0.010462193749845028,11
2017-06-22,short_treasury,0.0009467672314165121,0.0009467672314165121,1.652500005041434e-07,-1.6926707924272344,cnn_2d_residual_small_extra_pretrained,0.0034275592770427465,,0.0034275592770427465,11
2017-06-22,treasury_7_10y,-0.005845757381848227,-0.005845757381848227,3.909538825056304e-06,-0.6168585145650967,cnn_2d_residual_small_extra_pretrained,-0.001969704870134592,,-0.001969704870134592,11
2017-06-23,alternative,0.029102717803800138,0.029102717803800138,4.126829179470669e-06,0.07495690709625782,cnn_2d_residual_small_extra_pretrained,-0.008308925665915012,,-0.008308925665915012,11
2017-06-23,corp_bond_ig,0.0018980306680504988,0.0018980306680504988,3.2779344186435347e-06,-0.29461637401669943,cnn_2d_residual_small_extra_pretrained,-0.006404843181371689,,-0.006404843181371689,11
2017-06-23,developed_equity,0.016383265481246134,0.016383265481246134,6.81136101987384e-06,-0.47029359963346734,cnn_2d_residual_small_extra_pretrained,-0.006347655318677425,,-0.006347655318677425,11
2017-06-23,emerging_equity,0.0544577908803181,0.0544577908803181,2.3478452451837485e-05,-0.3589495846344835,cnn_2d_residual_small_extra_pretrained,-0.005071080289781094,,-0.005071080289781094,11
2017-06-23,korea_equity,0.05305703353580826,0.05305703353580826,2.2298228607241185e-05,-0.08508644713614172,cnn_2d_residual_small_extra_pretrained,-0.010752418078482151,,-0.010752418078482151,11
2017-06-23,short_treasury,0.0,0.0,1.7153987224473884e-07,-1.5753797529477374,cnn_2d_residual_small_extra_pretrained,0.003561476245522499,,0.003561476245522499,11
2017-06-23,treasury_7_10y,-0.006771830577621429,-0.006771830577621429,3.9308819997201546e-06,-0.5552028152352447,cnn_2d_residual_small_extra_pretrained,-0.003502197563648224,,-0.003502197563648224,11
2017-06-26,alternative,0.03236245994644982,0.03236245994644982,4.0941540458091525e-06,-0.04056284978916405,cnn_2d_residual_small_extra_pretrained,-0.007243377156555653,,-0.007243377156555653,11
2017-06-26,corp_bond_ig,-0.005848427310944593,-0.005848427310944593,5.036374301718054e-06,-0.31507240060762387,cnn_2d_residual_small_extra_pretrained,-0.007839695550501347,,-0.007839695550501347,11
2017-06-26,developed_equity,0.019218789746283216,0.019218789746283216,6.81136101987384e-06,-0.5432942711982042,cnn_2d_residual_small_extra_pretrained,-0.006632364355027676,,-0.006632364355027676,11
2017-06-26,emerging_equity,0.04176610826420002,0.04176610826420002,2.379437125729566e-05,-0.17504405738549375,cnn_2d_residual_small_extra_pretrained,-0.005486225709319115,,-0.005486225709319115,11
2017-06-26,korea_equity,0.04094769178449842,0.04094769178449842,2.444969996212723e-05,0.0732744991195379,cnn_2d_residual_small_extra_pretrained,-0.011900595389306545,,-0.011900595389306545,11
2017-06-26,short_treasury,-0.0005914021283618398,-0.0005914021283618398,1.8902769611628653e-07,-1.3240492257981311,cnn_2d_residual_small_extra_pretrained,0.0034010102972388268,,0.0034010102972388268,11
2017-06-26,treasury_7_10y,-0.013161536537014351,-0.013161536537014351,5.501008679666353e-06,-0.46612451681710426,cnn_2d_residual_small_extra_pretrained,-0.0038824724033474922,,-0.0038824724033474922,11
2017-06-27,alternative,0.0372771346615941,0.0372771346615941,3.963241939297837e-06,-0.20452295266217418,cnn_2d_residual_small_extra_pretrained,-0.008341208100318909,,-0.008341208100318909,11
2017-06-27,corp_bond_ig,0.001985915323126086,0.001985915323126086,4.0101015022988464e-06,-0.4824111226452114,cnn_2d_residual_small_extra_pretrained,-0.0071949707344174385,,-0.0071949707344174385,11
2017-06-27,developed_equity,0.026024206584744247,0.026024206584744247,5.922714153873865e-06,-0.7652526106373424,cnn_2d_residual_small_extra_pretrained,-0.0066166827455163,,-0.0066166827455163,11
2017-06-27,emerging_equity,0.06278672986480527,0.06278672986480527,1.6956245836141752e-05,-0.2885006349433139,cnn_2d_residual_small_extra_pretrained,-0.004801759496331215,,-0.004801759496331215,11
2017-06-27,korea_equity,0.056539739472049044,0.056539739472049044,2.0069731676163908e-05,-0.056365587031941576,cnn_2d_residual_small_extra_pretrained,-0.011686678044497967,,-0.011686678044497967,11
2017-06-27,short_treasury,0.0007100302792160118,0.0007100302792160118,1.7153987224473884e-07,-1.4553418891555794,cnn_2d_residual_small_extra_pretrained,0.0032821213826537132,,0.0032821213826537132,11
2017-06-27,treasury_7_10y,-0.005122979216011347,-0.005122979216011347,4.29442523619283e-06,-0.5773282458296122,cnn_2d_residual_small_extra_pretrained,-0.00423705019056797,,-0.00423705019056797,11
2017-06-28,alternative,0.024077046843809402,0.024077046843809402,4.451526914595242e-06,-0.34608463794278904,cnn_2d_residual_small_extra_pretrained,-0.006636814214289188,,-0.006636814214289188,11
2017-06-28,corp_bond_ig,-0.0015705276585724626,-0.0015705276585724626,4.316991495759484e-06,-0.2961029472481439,cnn_2d_residual_small_extra_pretrained,-0.007029897533357143,,-0.007029897533357143,11
2017-06-28,developed_equity,0.015203902402221914,0.015203902402221914,6.459568950266948e-06,-0.7230182605154594,cnn_2d_residual_small_extra_pretrained,-0.005497857928276062,,-0.005497857928276062,11
2017-06-28,emerging_equity,0.04888571622107474,0.04888571622107474,1.844314683242421e-05,-0.07981276381130085,cnn_2d_residual_small_extra_pretrained,-0.003871941938996315,,-0.003871941938996315,11
2017-06-28,korea_equity,0.0415198657513185,0.0415198657513185,2.335345609751939e-05,0.10400058195005518,cnn_2d_residual_small_extra_pretrained,-0.011400544084608555,,-0.011400544084608555,11
2017-06-28,short_treasury,0.0,0.0,1.743359823568801e-07,-1.331540959259911,cnn_2d_residual_small_extra_pretrained,0.0031713158823549747,,0.0031713158823549747,11
2017-06-28,treasury_7_10y,-0.005780372312454207,-0.005780372312454207,4.377705614297053e-06,-0.5331997797361524,cnn_2d_residual_small_extra_pretrained,-0.0034089013934135437,,-0.0034089013934135437,11
2017-06-29,alternative,0.029766668201138602,0.029766668201138602,4.161683667752131e-06,-0.5551195697835762,cnn_2d_residual_small_extra_pretrained,-0.004668151959776878,,-0.004668151959776878,11
2017-06-29,corp_bond_ig,0.0041455932134129014,0.0041455932134129014,3.849307276882054e-06,-0.5218488173923126,cnn_2d_residual_small_extra_pretrained,-0.006955740042030811,,-0.006955740042030811,11
2017-06-29,developed_equity,0.024034872127361995,0.024034872127361995,3.7093122173168953e-06,-0.6668987521200298,cnn_2d_residual_small_extra_pretrained,-0.003884672187268734,,-0.003884672187268734,11
2017-06-29,emerging_equity,0.06189318421941259,0.06189318421941259,1.0388241115852898e-05,0.16691130194882595,cnn_2d_residual_small_extra_pretrained,-0.0021265530958771706,,-0.0021265530958771706,11
2017-06-29,korea_equity,0.034155081331117554,0.034155081331117554,3.419848513736344e-05,-0.2808494099759012,cnn_2d_residual_small_extra_pretrained,-0.011062507517635822,,-0.011062507517635822,11
2017-06-29,short_treasury,0.0011835539904063719,0.0011835539904063719,1.5684402018530422e-07,-1.5681760156074334,cnn_2d_residual_small_extra_pretrained,0.0031589032150804996,,0.0031589032150804996,11
2017-06-29,treasury_7_10y,-0.00037433010760690166,-0.00037433010760690166,3.6823328160688912e-06,-0.7791311103064265,cnn_2d_residual_small_extra_pretrained,-0.0022095944732427597,,-0.0022095944732427597,11
2017-06-30,alternative,0.030473160743821337,0.030473160743821337,4.161683667752131e-06,-0.5666981136894906,cnn_2d_residual_small_extra_pretrained,-0.0032853446900844574,,-0.0032853446900844574,11
2017-06-30,corp_bond_ig,0.004978827180193823,0.004978827180193823,3.814936439638591e-06,-0.5738202844616508,cnn_2d_residual_small_extra_pretrained,-0.00686647929251194,,-0.00686647929251194,11
2017-06-30,developed_equity,0.024274827633432805,0.024274827633432805,3.7093122173168953e-06,-0.6798175893687137,cnn_2d_residual_small_extra_pretrained,-0.0030677607282996178,,-0.0030677607282996178,11
2017-06-30,emerging_equity,0.058226621960638214,0.058226621960638214,1.0388241115852898e-05,0.24670706340884993,cnn_2d_residual_small_extra_pretrained,-0.0024468936026096344,,-0.0024468936026096344,11
2017-06-30,korea_equity,0.02787198728351692,0.02787198728351692,3.419848513736344e-05,-0.18817015468946052,cnn_2d_residual_small_extra_pretrained,-0.010713172145187855,,-0.010713172145187855,11
2017-06-30,short_treasury,0.001065261800932582,0.001065261800932582,1.5754201907333353e-07,-1.5205360560573036,cnn_2d_residual_small_extra_pretrained,0.0031878144945949316,,0.0031878144945949316,11
2017-06-30,treasury_7_10y,0.0022511758971532903,0.0022511758971532903,3.4086675516979164e-06,-0.9664074126067959,cnn_2d_residual_small_extra_pretrained,-0.0023259948939085007,,-0.0023259948939085007,11
2017-07-03,alternative,0.03285248993965317,0.03285248993965317,4.161683667752131e-06,-0.6588210086483053,cnn_2d_residual_small_extra_pretrained,-0.003441055305302143,,-0.003441055305302143,11
2017-07-03,corp_bond_ig,0.010839681884847963,0.010839681884847963,2.656739147324744e-06,-0.6890507618003676,cnn_2d_residual_small_extra_pretrained,-0.006579970009624958,,-0.006579970009624958,11
2017-07-03,developed_equity,0.02973745561742036,0.02973745561742036,3.7093122173168953e-06,-0.7095852553676598,cnn_2d_residual_small_extra_pretrained,-0.002736973576247692,,-0.002736973576247692,11
2017-07-03,emerging_equity,0.055248599040323754,0.055248599040323754,1.03882411158529e-05,0.312970763317167,cnn_2d_residual_small_extra_pretrained,-0.001725207082927227,,-0.001725207082927227,11
2017-07-03,korea_equity,0.03613564657765411,0.03613564657765411,3.4197398948650365e-05,-0.30646694196398416,cnn_2d_residual_small_extra_pretrained,-0.010821864940226078,,-0.010821864940226078,11
2017-07-03,short_treasury,0.0021337162621322125,0.0021337162621322125,5.0359220532934593e-08,-0.3194890901953992,cnn_2d_residual_small_extra_pretrained,0.003069821745157242,,0.003069821745157242,11
2017-07-03,treasury_7_10y,0.008391470961111036,0.008391470961111036,2.077893539796015e-06,-1.0731385697093194,cnn_2d_residual_small_extra_pretrained,-0.0020095608197152615,,-0.0020095608197152615,11
2017-07-05,alternative,0.04016064257028118,0.04016064257028118,3.872753987114593e-06,-0.9071711815489308,cnn_2d_residual_small_extra_pretrained,-0.0020007193088531494,,-0.0020007193088531494,11
2017-07-05,corp_bond_ig,0.007575157603556093,0.007575157603556093,2.7795588757451777e-06,-0.4942247001439091,cnn_2d_residual_small_extra_pretrained,-0.00741895567625761,,-0.00741895567625761,11
2017-07-05,developed_equity,0.026482621476266566,0.026482621476266566,4.001329724619915e-06,-0.5755885424432577,cnn_2d_residual_small_extra_pretrained,-0.0029292451217770576,,-0.0029292451217770576,11
2017-07-05,emerging_equity,0.05824312943630705,0.05824312943630705,1.0203587840946757e-05,0.27097851902358977,cnn_2d_residual_small_extra_pretrained,-0.0011629778891801834,,-0.0011629778891801834,11
2017-07-05,korea_equity,0.04174721868831077,0.04174721868831077,3.1756980514451735e-05,-0.3718926424494846,cnn_2d_residual_small_extra_pretrained,-0.010171475820243359,,-0.010171475820243359,11
2017-07-05,short_treasury,0.0013034792172905707,0.0013034792172905707,6.155322229144336e-08,-0.12547420662832645,cnn_2d_residual_small_extra_pretrained,0.0033756420016288757,,0.0033756420016288757,11
2017-07-05,treasury_7_10y,0.006689269724472036,0.006689269724472036,2.1216049882265017e-06,-0.9268877753101591,cnn_2d_residual_small_extra_pretrained,-0.0020260154269635677,,-0.0020260154269635677,11
2017-07-06,alternative,0.046116542459587295,0.046116542459587295,1.3791392114775012e-06,-0.3749327503910672,cnn_2d_residual_small_extra_pretrained,-0.0008792150765657425,,-0.0008792150765657425,11
2017-07-06,corp_bond_ig,0.011600729370628393,0.011600729370628393,2.4466053507782155e-06,-0.7140387317493332,cnn_2d_residual_small_extra_pretrained,-0.006588575430214405,,-0.006588575430214405,11
2017-07-06,developed_equity,0.032661655128851,0.032661655128851,1.9231216713780636e-06,-0.27404143506747874,cnn_2d_residual_small_extra_pretrained,-0.0024342797696590424,,-0.0024342797696590424,11
2017-07-06,emerging_equity,0.06674791058200769,0.06674791058200769,3.8010194782506513e-06,0.8633759586984694,cnn_2d_residual_small_extra_pretrained,-0.00042078830301761627,,-0.00042078830301761627,11
2017-07-06,korea_equity,0.032005967779767275,0.032005967779767275,4.6469585218410094e-05,-0.6674645945211479,cnn_2d_residual_small_extra_pretrained,-0.009691426530480385,,-0.009691426530480385,11
2017-07-06,short_treasury,0.001421574599947073,0.001421574599947073,6.155322229144336e-08,-0.15394154254580114,cnn_2d_residual_small_extra_pretrained,0.0032080085948109627,,0.0032080085948109627,11
2017-07-06,treasury_7_10y,0.012082298940901293,0.012082298940901293,1.944080372861225e-06,-1.0501236219482404,cnn_2d_residual_small_extra_pretrained,-0.0010567102581262589,,-0.0010567102581262589,11
2017-07-07,alternative,0.04102969203148743,0.04102969203148743,1.3791392114775012e-06,-0.22997852432615484,cnn_2d_residual_small_extra_pretrained,-0.00016029365360736847,,-0.00016029365360736847,11
2017-07-07,corp_bond_ig,0.008519851592600824,0.008519851592600824,3.1635603305865673e-06,-0.6559928943186301,cnn_2d_residual_small_extra_pretrained,-0.00592934712767601,,-0.00592934712767601,11
2017-07-07,developed_equity,0.029404442406390396,0.029404442406390396,1.9231216713780636e-06,-0.16334836592802335,cnn_2d_residual_small_extra_pretrained,-0.0018759863451123238,,-0.0018759863451123238,11
2017-07-07,emerging_equity,0.06856308343279705,0.06856308343279705,3.8010194782506513e-06,0.8215146881479065,cnn_2d_residual_small_extra_pretrained,-0.0010893293656408787,,-0.0010893293656408787,11
2017-07-07,korea_equity,0.03330849079287579,0.03330849079287579,4.6469585218410094e-05,-0.6763098641616929,cnn_2d_residual_small_extra_pretrained,-0.009247681125998497,,-0.009247681125998497,11
2017-07-07,short_treasury,0.0011848160226684001,0.0011848160226684001,6.714848824125328e-08,-0.1060681239291327,cnn_2d_residual_small_extra_pretrained,0.0030249461997300386,,0.0030249461997300386,11
2017-07-07,treasury_7_10y,0.010967227937275448,0.010967227937275448,2.181099013902273e-06,-1.0026215023328127,cnn_2d_residual_small_extra_pretrained,-0.0018418291583657265,,-0.0018418291583657265,11
2017-07-10,alternative,0.03688858232630832,0.03688858232630832,1.408994547758838e-06,-0.04950552767158908,cnn_2d_residual_small_extra_pretrained,-0.00028697075322270393,,-0.00028697075322270393,11
2017-07-10,corp_bond_ig,0.007088046089890554,0.007088046089890554,3.1635603305865673e-06,-0.5843392041411437,cnn_2d_residual_small_extra_pretrained,-0.005927744321525097,,-0.005927744321525097,11
2017-07-10,developed_equity,0.028855717049675267,0.028855717049675267,1.9231216713780636e-06,-0.13391201611300438,cnn_2d_residual_small_extra_pretrained,-0.001764859538525343,,-0.001764859538525343,11
2017-07-10,emerging_equity,0.06575143333665001,0.06575143333665001,3.8010194782506513e-06,0.890734501563002,cnn_2d_residual_small_extra_pretrained,0.00011507049202919006,,0.00011507049202919006,11
2017-07-10,korea_equity,0.029826415706114773,0.029826415706114773,4.6469585218410094e-05,-0.6382055651511789,cnn_2d_residual_small_extra_pretrained,-0.008702924475073814,,-0.008702924475073814,11
2017-07-10,short_treasury,0.001065802170636676,0.001065802170636676,6.714848824125328e-08,-0.0997731535655266,cnn_2d_residual_small_extra_pretrained,0.0029679336585104465,,0.0029679336585104465,11
2017-07-10,treasury_7_10y,0.01019728226151062,0.01019728226151062,2.181099013902273e-06,-0.9582410443656499,cnn_2d_residual_small_extra_pretrained,-0.0012527406215667725,,-0.0012527406215667725,11
2017-07-11,alternative,0.03127513432812812,0.03127513432812812,2.8744250514062144e-06,-0.304302359954696,cnn_2d_residual_small_extra_pretrained,0.0007751500234007835,,0.0007751500234007835,11
2017-07-11,corp_bond_ig,0.0018338019376893389,0.0018338019376893389,4.3167459011317865e-06,-0.4828179599558855,cnn_2d_residual_small_extra_pretrained,-0.005867759697139263,,-0.005867759697139263,11
2017-07-11,developed_equity,0.024490317763703473,0.024490317763703473,2.6253292092179675e-06,-0.13046175158090773,cnn_2d_residual_small_extra_pretrained,-0.0017061186954379082,,-0.0017061186954379082,11
2017-07-11,emerging_equity,0.057333914863540336,0.057333914863540336,3.8010194782506513e-06,1.1069956884944498,cnn_2d_residual_small_extra_pretrained,0.0002120891585946083,,0.0002120891585946083,11
2017-07-11,korea_equity,0.01925633804217597,0.01925633804217597,5.008335854624334e-05,-0.479876768312988,cnn_2d_residual_small_extra_pretrained,-0.007991855964064598,,-0.007991855964064598,11
2017-07-11,short_treasury,0.0007102824402356323,0.0007102824402356323,6.714848824125328e-08,0.01707710559711026,cnn_2d_residual_small_extra_pretrained,0.0032736584544181824,,0.0032736584544181824,11
2017-07-11,treasury_7_10y,0.008015072604064644,0.008015072604064644,2.2164770175049996e-06,-0.7993249330864902,cnn_2d_residual_small_extra_pretrained,-0.0026862826198339462,,-0.0026862826198339462,11
2017-07-12,alternative,0.02312600869690118,0.02312600869690118,3.146531836405103e-06,-0.10904668292610076,cnn_2d_residual_small_extra_pretrained,0.0006011612713336945,,0.0006011612713336945,11
2017-07-12,corp_bond_ig,-0.001576783746109811,-0.001576783746109811,4.3167459011317865e-06,-0.6070096049837754,cnn_2d_residual_small_extra_pretrained,-0.006530717946588993,,-0.006530717946588993,11
2017-07-12,developed_equity,0.01729250916144598,0.01729250916144598,2.6437370631273722e-06,-0.09504771622469338,cnn_2d_residual_small_extra_pretrained,-0.002217390574514866,,-0.002217390574514866,11
2017-07-12,emerging_equity,0.027888504627879618,0.027888504627879618,7.88479846972892e-06,0.14422928384706232,cnn_2d_residual_small_extra_pretrained,-0.0018952945247292519,,-0.0018952945247292519,11
2017-07-12,korea_equity,-0.017903868736205752,-0.017903868736205752,6.904492194230433e-05,-0.5414710235651875,cnn_2d_residual_small_extra_pretrained,-0.007537405006587505,,-0.007537405006587505,11
2017-07-12,short_treasury,0.00011826418865568122,0.00011826418865568122,6.784854589760224e-08,0.18574494232968597,cnn_2d_residual_small_extra_pretrained,0.003387587610632181,,0.003387587610632181,11
2017-07-12,treasury_7_10y,0.006299343410121283,0.006299343410121283,2.2164770175049996e-06,-0.8350711614699221,cnn_2d_residual_small_extra_pretrained,-0.0023363539949059486,,-0.0023363539949059486,11
2017-07-13,alternative,-0.0015872773670014828,-0.0015872773670014828,2.213092363622165e-05,-2.1772337499607097,cnn_2d_residual_small_extra_pretrained,0.0008698487654328346,,0.0008698487654328346,11
2017-07-13,corp_bond_ig,-0.00016630037666209851,-0.00016630037666209851,4.17041755162785e-06,-0.6995914224741852,cnn_2d_residual_small_extra_pretrained,-0.006814158521592617,,-0.006814158521592617,11
2017-07-13,developed_equity,-0.0007384314903846612,-0.0007384314903846612,1.2734120879022404e-05,-1.65442970293436,cnn_2d_residual_small_extra_pretrained,-0.0012942575849592686,,-0.0012942575849592686,11
2017-07-13,emerging_equity,-0.0013992857228641853,-0.0013992857228641853,3.5997344581262566e-05,-1.4116619099787928,cnn_2d_residual_small_extra_pretrained,-0.0006175492890179157,,-0.0006175492890179157,11
2017-07-13,korea_equity,-0.0477500075620535,-0.0477500075620535,9.931173264594153e-05,-0.4776597335826708,cnn_2d_residual_small_extra_pretrained,-0.007142334245145321,,-0.007142334245145321,11
2017-07-13,short_treasury,0.0009471034674861656,0.0009471034674861656,5.6646595589079655e-08,-0.004151418388307308,cnn_2d_residual_small_extra_pretrained,0.0032767564989626408,,0.0032767564989626408,11
2017-07-13,treasury_7_10y,0.011105885225183743,0.011105885225183743,2.1629955233693617e-06,-0.8676632396027482,cnn_2d_residual_small_extra_pretrained,-0.0025352975353598595,,-0.0025352975353598595,11
2017-07-14,alternative,-0.01417325237604583,-0.01417325237604583,2.3268341480900683e-05,-2.312956827053521,cnn_2d_residual_small_extra_pretrained,0.0006677126511931419,,0.0006677126511931419,11
2017-07-14,corp_bond_ig,-0.0006635301588885367,-0.0006635301588885367,4.17041755162785e-06,-0.7050246745756523,cnn_2d_residual_small_extra_pretrained,-0.007164149545133114,,-0.007164149545133114,11
2017-07-14,developed_equity,-0.007346620393940961,-0.007346620393940961,1.2843352220603426e-05,-1.6996816985383159,cnn_2d_residual_small_extra_pretrained,-0.00014507956802845,,-0.00014507956802845,11
2017-07-14,emerging_equity,-0.011515431162721912,-0.011515431162721912,3.5997344581262566e-05,-1.8743097615093987,cnn_2d_residual_small_extra_pretrained,-0.0011939965188503265,,-0.0011939965188503265,11
2017-07-14,korea_equity,-0.06261541449667285,-0.06261541449667285,9.931173264594153e-05,-0.8839352959389349,cnn_2d_residual_small_extra_pretrained,-0.0066760145127773285,,-0.0066760145127773285,11
2017-07-14,short_treasury,0.001774955887908991,0.001774955887908991,5.6646595589079655e-08,0.7706885074821185,cnn_2d_residual_small_extra_pretrained,0.003316211514174938,,0.003316211514174938,11
2017-07-14,treasury_7_10y,0.010808284862657391,0.010808284862657391,2.1629955233693617e-06,-0.8539159610478128,cnn_2d_residual_small_extra_pretrained,-0.0027694934979081154,,-0.0027694934979081154,11
2017-07-17,alternative,-0.00629422055049178,-0.00629422055049178,2.3268341480900683e-05,-1.8443218895430855,cnn_2d_residual_small_extra_pretrained,0.0008524460718035698,,0.0008524460718035698,11
2017-07-17,corp_bond_ig,-0.0022372940204146152,-0.0022372940204146152,4.192456203665864e-06,-0.6142070384360949,cnn_2d_residual_small_extra_pretrained,-0.007341337390244007,,-0.007341337390244007,11
2017-07-17,developed_equity,0.004662542986723528,0.004662542986723528,1.262671483803884e-05,-1.0164194506255761,cnn_2d_residual_small_extra_pretrained,0.0010235714726150036,,0.0010235714726150036,11
2017-07-17,emerging_equity,0.0032392268786280987,0.0032392268786280987,3.493653571641387e-05,-1.780209810396771,cnn_2d_residual_small_extra_pretrained,-0.0010384004563093185,,-0.0010384004563093185,11
2017-07-17,korea_equity,-0.038845954323220244,-0.038845954323220244,9.761727742850158e-05,-0.5806995132975693,cnn_2d_residual_small_extra_pretrained,-0.005541042424738407,,-0.005541042424738407,11
2017-07-17,short_treasury,0.0008282027638955025,0.0008282027638955025,9.083669753090821e-08,0.5688373932727808,cnn_2d_residual_small_extra_pretrained,0.003554913215339184,,0.003554913215339184,11
2017-07-17,treasury_7_10y,0.007134160752268581,0.007134160752268581,2.455210844529721e-06,-0.622469927673678,cnn_2d_residual_small_extra_pretrained,-0.00364737119525671,,-0.00364737119525671,11
2017-07-18,alternative,-0.004735583966637202,-0.004735583966637202,2.289850117938023e-05,-1.9119987275042636,cnn_2d_residual_small_extra_pretrained,0.0009983619675040245,,0.0009983619675040245,11
2017-07-18,corp_bond_ig,-0.007673270037894087,-0.007673270037894087,4.260055859210341e-06,-0.7565201799865946,cnn_2d_residual_small_extra_pretrained,-0.007662994787096977,,-0.007662994787096977,11
2017-07-18,developed_equity,0.0009795742971512311,0.0009795742971512311,1.2752747386698366e-05,-0.8984821235171989,cnn_2d_residual_small_extra_pretrained,0.0012156297452747822,,0.0012156297452747822,11
2017-07-18,emerging_equity,0.0013841147728492764,0.0013841147728492764,3.493653571641387e-05,-1.7600645202714802,cnn_2d_residual_small_extra_pretrained,-0.0005352841690182686,,-0.0005352841690182686,11
2017-07-18,korea_equity,-0.04030650546114578,-0.04030650546114578,9.761727742850158e-05,-0.5762254204698515,cnn_2d_residual_small_extra_pretrained,-0.005508118309080601,,-0.005508118309080601,11
2017-07-18,short_treasury,0.0001183124689159154,0.0001183124689159154,1.0201320654357783e-07,0.7039091247132191,cnn_2d_residual_small_extra_pretrained,0.0031435880810022354,,0.0031435880810022354,11
2017-07-18,treasury_7_10y,0.00046766790697838623,0.00046766790697838623,2.899996358682031e-06,-0.4976726284221644,cnn_2d_residual_small_extra_pretrained,-0.00415168609470129,,-0.00415168609470129,11
2017-07-19,alternative,-0.006289272339281449,-0.006289272339281449,2.289850117938023e-05,-1.9332000848808184,cnn_2d_residual_small_extra_pretrained,0.0009031035006046295,,0.0009031035006046295,11
2017-07-19,corp_bond_ig,-0.004539477014969928,-0.004539477014969928,4.254611597835336e-06,-0.7584407247080596,cnn_2d_residual_small_extra_pretrained,-0.00774800218641758,,-0.00774800218641758,11
2017-07-19,developed_equity,-0.00036557129160841306,-0.00036557129160841306,1.2752747386698366e-05,-0.9217843289054344,cnn_2d_residual_small_extra_pretrained,0.001353694126009941,,0.001353694126009941,11
2017-07-19,emerging_equity,0.003431743972106105,0.003431743972106105,3.493653571641387e-05,-1.638996187646442,cnn_2d_residual_small_extra_pretrained,-0.0009979885071516037,,-0.0009979885071516037,11
2017-07-19,korea_equity,-0.04285106517505577,-0.04285106517505577,9.761727742850157e-05,-0.5511073014295592,cnn_2d_residual_small_extra_pretrained,-0.005448007956147194,,-0.005448007956147194,11
2017-07-19,short_treasury,0.0007096943215521012,0.0007096943215521012,1.0201320654357783e-07,0.5344470521429189,cnn_2d_residual_small_extra_pretrained,0.0030054980888962746,,0.0030054980888962746,11
2017-07-19,treasury_7_10y,0.00233819682268388,0.00233819682268388,2.899996358682031e-06,-0.5792996215009056,cnn_2d_residual_small_extra_pretrained,-0.004203907214105129,,-0.004203907214105129,11
2017-07-20,alternative,-0.01886787699736281,-0.01886787699736281,3.091002231788904e-05,-1.5101920398989017,cnn_2d_residual_small_extra_pretrained,0.0006727194413542747,,0.0006727194413542747,11
2017-07-20,corp_bond_ig,-0.0044528185130752185,-0.0044528185130752185,4.254611597835336e-06,-0.7609800744053734,cnn_2d_residual_small_extra_pretrained,-0.006728558801114559,,-0.006728558801114559,11
2017-07-20,developed_equity,-0.0160447277098007,-0.0160447277098007,2.1419842803115068e-05,-0.8910125970716648,cnn_2d_residual_small_extra_pretrained,0.000985252670943737,,0.000985252670943737,11
2017-07-20,emerging_equity,-0.008245547677731002,-0.008245547677731002,4.302211254154952e-05,-1.3336637088291756,cnn_2d_residual_small_extra_pretrained,-0.0018348083831369877,,-0.0018348083831369877,11
2017-07-20,korea_equity,-0.05891473551753745,-0.05891473551753745,0.00010665659366899149,-0.34313623217682365,cnn_2d_residual_small_extra_pretrained,-0.005039467476308346,,-0.005039467476308346,11
2017-07-20,short_treasury,0.00094631925938371,0.00094631925938371,1.0201320654357783e-07,0.45929947135001226,cnn_2d_residual_small_extra_pretrained,0.0031822510063648224,,0.0031822510063648224,11
2017-07-20,treasury_7_10y,0.005610155405670225,0.005610155405670225,2.899996358682031e-06,-0.5667152187860747,cnn_2d_residual_small_extra_pretrained,-0.003139822743833065,,-0.003139822743833065,11
2017-07-21,alternative,-0.02429465917861917,-0.02429465917861917,3.1198951998526575e-05,-1.4282192004283984,cnn_2d_residual_small_extra_pretrained,0.0007802010513842106,,0.0007802010513842106,11
2017-07-21,corp_bond_ig,-0.0074043727131430925,-0.0074043727131430925,4.276566900735332e-06,-0.6890008932427225,cnn_2d_residual_small_extra_pretrained,-0.0067101409658789635,,-0.0067101409658789635,11
2017-07-21,developed_equity,-0.011595226958423077,-0.011595226958423077,2.0565886745263193e-05,-1.0390570379218007,cnn_2d_residual_small_extra_pretrained,0.0004044133238494396,,0.0004044133238494396,11
2017-07-21,emerging_equity,0.0009167338952762449,0.0009167338952762449,4.2998507231433576e-05,-1.3320861911814503,cnn_2d_residual_small_extra_pretrained,-0.002994186244904995,,-0.002994186244904995,11
2017-07-21,korea_equity,-0.05611533987693251,-0.05611533987693251,0.00010665659366899149,-0.3284834444464141,cnn_2d_residual_small_extra_pretrained,-0.003934269770979881,,-0.003934269770979881,11
2017-07-21,short_treasury,0.00035467934083044383,0.00035467934083044383,1.0271177579397253e-07,0.6351428166475752,cnn_2d_residual_small_extra_pretrained,0.003436583559960127,,0.003436583559960127,11
2017-07-21,treasury_7_10y,0.004013443229656355,0.004013443229656355,2.899996358682031e-06,-0.48964972810056134,cnn_2d_residual_small_extra_pretrained,-0.002305004745721817,,-0.002305004745721817,11
2017-07-24,alternative,-0.020424242271687376,-0.020424242271687376,3.09225775292083e-05,-1.5107347676850722,cnn_2d_residual_small_extra_pretrained,0.0006030183285474777,,0.0006030183285474777,11
2017-07-24,corp_bond_ig,-0.004859599287445615,-0.004859599287445615,4.2102365428147844e-06,-0.817668654468189,cnn_2d_residual_small_extra_pretrained,-0.006081166677176952,,-0.006081166677176952,11
2017-07-24,developed_equity,-0.011478842940681133,-0.011478842940681133,2.056083321106102e-05,-1.0425313299988384,cnn_2d_residual_small_extra_pretrained,0.000789416953921318,,0.000789416953921318,11
2017-07-24,emerging_equity,0.0015997146299486786,0.0015997146299486786,4.2998507231433576e-05,-1.3368659109910963,cnn_2d_residual_small_extra_pretrained,-0.0030191196128726006,,-0.0030191196128726006,11
2017-07-24,korea_equity,-0.05875783663384948,-0.05875783663384948,0.00010665769148326823,-0.2982891800628963,cnn_2d_residual_small_extra_pretrained,-0.002406671643257141,,-0.002406671643257141,11
2017-07-24,short_treasury,0.0009461170759650361,0.0009461170759650361,9.64219040533771e-08,0.49249203032121736,cnn_2d_residual_small_extra_pretrained,0.003298196941614151,,0.003298196941614151,11
2017-07-24,treasury_7_10y,0.005323617226570043,0.005323617226570043,2.87865318401818e-06,-0.578900457670695,cnn_2d_residual_small_extra_pretrained,-0.002090706489980221,,-0.002090706489980221,11
2017-07-25,alternative,-0.01880878961268695,-0.01880878961268695,3.0922577529208294e-05,-1.493708858218499,cnn_2d_residual_small_extra_pretrained,0.0003458373248577118,,0.0003458373248577118,11
2017-07-25,corp_bond_ig,8.28113897903826e-05,8.28113897903826e-05,2.5011225254290954e-06,-0.6076765468178097,cnn_2d_residual_small_extra_pretrained,-0.006575786508619785,,-0.006575786508619785,11
2017-07-25,developed_equity,-0.0060827252866545445,-0.0060827252866545445,2.056083321106102e-05,-0.7689538979413528,cnn_2d_residual_small_extra_pretrained,0.0005785119719803333,,0.0005785119719803333,11
2017-07-25,emerging_equity,0.015349327503415777,0.015349327503415777,4.26825884259754e-05,-1.3286708253170516,cnn_2d_residual_small_extra_pretrained,-0.0037753907963633537,,-0.0037753907963633537,11
2017-07-25,korea_equity,-0.03751051078249523,-0.03751051078249523,0.00010450622012838219,-0.3490261599437026,cnn_2d_residual_small_extra_pretrained,-0.001637287437915802,,-0.001637287437915802,11
2017-07-25,short_treasury,0.001420150847124546,0.001420150847124546,7.963141939841738e-08,0.5123819718333248,cnn_2d_residual_small_extra_pretrained,0.0033601317554712296,,0.0033601317554712296,11
2017-07-25,treasury_7_10y,0.009016615698939079,0.009016615698939079,1.4988346743700799e-06,-0.024858328049279198,cnn_2d_residual_small_extra_pretrained,-0.001735311932861805,,-0.001735311932861805,11
2017-07-26,alternative,-0.02499997615814209,-0.02499997615814209,3.143292750287511e-05,-1.3845372877389475,cnn_2d_residual_small_extra_pretrained,0.00035291630774736404,,0.00035291630774736404,11
2017-07-26,corp_bond_ig,0.0005781429212650124,0.0005781429212650124,2.5011225254290954e-06,-0.5030295782066289,cnn_2d_residual_small_extra_pretrained,-0.005763323977589607,,-0.005763323977589607,11
2017-07-26,developed_equity,-0.010315515271612452,-0.010315515271612452,2.0729361611254305e-05,-0.6645122441315038,cnn_2d_residual_small_extra_pretrained,0.0004861024208366871,,0.0004861024208366871,11
2017-07-26,emerging_equity,0.011815507330052544,0.011815507330052544,4.26825884259754e-05,-1.3529076800338784,cnn_2d_residual_small_extra_pretrained,-0.0033996710553765297,,-0.0033996710553765297,11
2017-07-26,korea_equity,-0.0447114288373206,-0.0447114288373206,0.00010471501235551235,-0.26976496332998484,cnn_2d_residual_small_extra_pretrained,-0.0010521626099944115,,-0.0010521626099944115,11
2017-07-26,short_treasury,0.0016556219689034535,0.0016556219689034535,7.963141939841738e-08,0.551510967897762,cnn_2d_residual_small_extra_pretrained,0.003628629259765148,,0.003628629259765148,11
2017-07-26,treasury_7_10y,0.009268846697809696,0.009268846697809696,1.4988346743700796e-06,-0.006760123070818077,cnn_2d_residual_small_extra_pretrained,-0.0004649721086025238,,-0.0004649721086025238,11
2017-07-27,alternative,-0.023510972067985136,-0.023510972067985136,3.107305898467604e-05,-1.4330309954117282,cnn_2d_residual_small_extra_pretrained,0.0007022875361144543,,0.0007022875361144543,11
2017-07-27,corp_bond_ig,0.001159031282285783,0.001159031282285783,2.374418014892567e-06,-0.5194946977778361,cnn_2d_residual_small_extra_pretrained,-0.005511130206286907,,-0.005511130206286907,11
2017-07-27,developed_equity,-0.00925355573178599,-0.00925355573178599,2.04361019013122e-05,-0.6978591603693942,cnn_2d_residual_small_extra_pretrained,9.666616097092628e-05,,9.666616097092628e-05,11
2017-07-27,emerging_equity,0.0205619762798519,0.0205619762798519,4.1195687429692943e-05,-1.5524712962156046,cnn_2d_residual_small_extra_pretrained,-0.004252222366631031,,-0.004252222366631031,11
2017-07-27,korea_equity,-0.03014508316728104,-0.03014508316728104,0.00010143128793415686,-0.43741983648456123,cnn_2d_residual_small_extra_pretrained,-0.001282720360904932,,-0.001282720360904932,11
2017-07-27,short_treasury,0.00094631925938371,0.00094631925938371,1.214338072167834e-07,0.30599113399391326,cnn_2d_residual_small_extra_pretrained,0.0035709503572434187,,0.0035709503572434187,11
2017-07-27,treasury_7_10y,0.009283550913688599,0.009283550913688599,1.4965301226634775e-06,-0.006805394456924533,cnn_2d_residual_small_extra_pretrained,0.0005567925982177258,,0.0005567925982177258,11
2017-07-28,alternative,-0.02109372615814209,-0.02109372615814209,3.107305898467604e-05,-1.3714117672840305,cnn_2d_residual_small_extra_pretrained,0.0007196422666311264,,0.0007196422666311264,11
2017-07-28,corp_bond_ig,0.0008256830453070574,0.0008256830453070574,2.374418014892567e-06,-0.5440734679209105,cnn_2d_residual_small_extra_pretrained,-0.005108709447085857,,-0.005108709447085857,11
2017-07-28,developed_equity,-0.007783132590484132,-0.007783132590484132,2.04361019013122e-05,-0.7210738631912955,cnn_2d_residual_small_extra_pretrained,-0.0002335086464881897,,-0.0002335086464881897,11
2017-07-28,emerging_equity,0.02697143554687509,0.02697143554687509,4.118524751924059e-05,-1.6338912616150332,cnn_2d_residual_small_extra_pretrained,-0.0033990219235420227,,-0.0033990219235420227,11
2017-07-28,korea_equity,-0.004882199036049473,-0.004882199036049473,8.334946411500232e-05,-0.6594972310545453,cnn_2d_residual_small_extra_pretrained,-0.0013973629102110863,,-0.0013973629102110863,11
2017-07-28,short_treasury,0.0007093650618992253,0.0007093650618992253,1.214338072167834e-07,0.34842046044481284,cnn_2d_residual_small_extra_pretrained,0.0033507701009511948,,0.0033507701009511948,11
2017-07-28,treasury_7_10y,0.009267907382492835,0.009267907382492835,1.4965301226634775e-06,-0.006011566925732,cnn_2d_residual_small_extra_pretrained,0.00172120938077569,,0.00172120938077569,11
2017-07-31,alternative,-0.024124501744133053,-0.024124501744133053,3.107305898467604e-05,-1.3751370550772368,cnn_2d_residual_small_extra_pretrained,0.00044900085777044296,,0.00044900085777044296,11
2017-07-31,corp_bond_ig,0.0008256830453070574,0.0008256830453070574,2.3744180148925665e-06,-0.5440734679209104,cnn_2d_residual_small_extra_pretrained,-0.004550009034574032,,-0.004550009034574032,11
2017-07-31,developed_equity,-0.008264466641519697,-0.008264466641519697,2.04361019013122e-05,-0.7086764920766817,cnn_2d_residual_small_extra_pretrained,8.056871592998505e-06,,8.056871592998505e-06,11
2017-07-31,emerging_equity,0.022146146977152892,0.022146146977152892,4.1819316194264254e-05,-1.5121596042972274,cnn_2d_residual_small_extra_pretrained,-0.0038270587101578712,,-0.0038270587101578712,11
2017-07-31,korea_equity,-0.008608299862145508,-0.008608299862145508,8.376593377503835e-05,-0.605330042039932,cnn_2d_residual_small_extra_pretrained,-0.0015890812501311302,,-0.0015890812501311302,11
2017-07-31,short_treasury,0.00047293585553753736,0.00047293585553753736,1.2701528179291526e-07,0.38929884158518235,cnn_2d_residual_small_extra_pretrained,0.0033756238408386707,,0.0033756238408386707,11
2017-07-31,treasury_7_10y,0.009920497923497917,0.009920497923497917,1.4965301226634775e-06,-0.055760121715945264,cnn_2d_residual_small_extra_pretrained,0.0019976431503891945,,0.0019976431503891945,11
2017-08-01,alternative,-0.03335915923949906,-0.03335915923949906,3.310802990785436e-05,-1.165279051516856,cnn_2d_residual_small_extra_pretrained,-0.00019906088709831238,,-0.00019906088709831238,11
2017-08-01,corp_bond_ig,0.0005774122979944618,0.0005774122979944618,2.3744180148925665e-06,-0.5316142287557728,cnn_2d_residual_small_extra_pretrained,-0.004167880862951279,,-0.004167880862951279,11
2017-08-01,developed_equity,-0.013653997748240831,-0.013653997748240831,2.04361019013122e-05,-0.6962470097758974,cnn_2d_residual_small_extra_pretrained,0.00019635725766420364,,0.00019635725766420364,11
2017-08-01,emerging_equity,0.017300212070420873,0.017300212070420873,4.197897602365909e-05,-1.4155499691765332,cnn_2d_residual_small_extra_pretrained,-0.0030837561935186386,,-0.0030837561935186386,11
2017-08-01,korea_equity,-0.024484003141681532,-0.024484003141681532,8.716815989972908e-05,-0.42082203710051497,cnn_2d_residual_small_extra_pretrained,-0.0014546839520335197,,-0.0014546839520335197,11
2017-08-01,short_treasury,0.001419478889075787,0.001419478889075787,1.1583186562025998e-07,0.1870812493818648,cnn_2d_residual_small_extra_pretrained,0.0034021197352558374,,0.0034021197352558374,11
2017-08-01,treasury_7_10y,0.011313761088303176,0.011313761088303176,1.4965301226634773e-06,-0.12498985045531988,cnn_2d_residual_small_extra_pretrained,0.0026318493764847517,,0.0026318493764847517,11
2017-08-02,alternative,-0.03552122373838684,-0.03552122373838684,3.310802990785436e-05,-1.206450109462113,cnn_2d_residual_small_extra_pretrained,2.369144931435585e-05,,2.369144931435585e-05,11
2017-08-02,corp_bond_ig,0.002974228417288227,0.002974228417288227,2.2515982864721337e-06,-0.7145493992106191,cnn_2d_residual_small_extra_pretrained,-0.00341835618019104,,-0.00341835618019104,11
2017-08-02,developed_equity,-0.010416674367525358,-0.010416674367525358,2.014408439400918e-05,-0.7921266856720216,cnn_2d_residual_small_extra_pretrained,0.00025795120745897293,,0.00025795120745897293,11
2017-08-02,emerging_equity,0.01796672910843844,0.01796672910843844,4.197897602365909e-05,-1.4276735066525394,cnn_2d_residual_small_extra_pretrained,-0.0036870231851935387,,-0.0036870231851935387,11
2017-08-02,korea_equity,-0.02124936444382397,-0.02124936444382397,8.699694336603559e-05,-0.46553068962435,cnn_2d_residual_small_extra_pretrained,-0.001842692494392395,,-0.001842692494392395,11
2017-08-02,short_treasury,0.002130181126340558,0.002130181126340558,1.0463786386175121e-07,0.044545058817273345,cnn_2d_residual_small_extra_pretrained,0.003538113087415695,,0.003538113087415695,11
2017-08-02,treasury_7_10y,0.011417887113948977,0.011417887113948977,1.487441293819222e-06,-0.129811571114043,cnn_2d_residual_small_extra_pretrained,0.002802543342113495,,0.002802543342113495,11
