mode,k,members,rank_corr,top_k_sharpe,top_k_cum,top_k_hit
raw,1,logistic_cumulative_scale,0.0033358134920634885,0.12555277038177268,0.05796588973424921,0.5625
raw,1,logistic_image_scale,0.042485119047619056,0.42257829092773214,0.7646659779712726,0.6041666666666666
raw,1,cnn_1d_image_scale,0.025175406737741875,0.17904038389121407,0.17598540285685726,0.5694444444444444
raw,1,cnn_1d_attention_image_scale,0.024975198412698407,0.10036585110958962,0.008253432057526267,0.5486111111111112
raw,1,cnn_1d_dilated_image_scale,0.0036210317460317453,0.15616639021522907,0.11948313725708326,0.5833333333333334
raw,1,cnn_lstm_image_scale,0.038918936946368284,0.3234387178947795,0.5920097292827411,0.6041666666666666
raw,1,cnnlstm_image_scale,0.04482886904761906,0.43372873123002603,0.899801674505295,0.5763888888888888
raw,1,cnnlstm_cumulative_scale,-0.012549603174603175,0.36099154509879655,0.5787823921091009,0.5625
raw,2,logistic_cumulative_scale + logistic_image_scale,0.029513888888888895,0.2932512553350784,0.5098132997747216,0.5902777777777778
raw,2,logistic_cumulative_scale + cnn_1d_image_scale,0.015252976190476195,0.13253320142160674,0.07910897620762491,0.5625
raw,2,logistic_cumulative_scale + cnn_1d_attention_image_scale,0.01883680555555556,0.04184678868662745,-0.10050715330698035,0.5208333333333334
raw,2,logistic_cumulative_scale + cnn_1d_dilated_image_scale,0.012512400793650796,0.23975489424714513,0.3478540305960376,0.5972222222222222
raw,2,logistic_cumulative_scale + cnn_lstm_image_scale,0.006932043650793658,0.1074575456374728,0.01288408017828635,0.5625
raw,2,logistic_cumulative_scale + cnnlstm_image_scale,0.006237599206349204,0.08312850078111896,-0.03954113623985045,0.5555555555555556
raw,2,logistic_cumulative_scale + cnnlstm_cumulative_scale,0.0027653769841269895,0.182041711950666,0.19596705087146638,0.5625
raw,2,logistic_image_scale + cnn_1d_image_scale,0.04759424603174604,0.21250288437628465,0.2589681178812595,0.5416666666666666
raw,2,logistic_image_scale + cnn_1d_attention_image_scale,0.04439484126984128,0.2547065563291597,0.3633692951044436,0.5833333333333334
raw,2,logistic_image_scale + cnn_1d_dilated_image_scale,0.03820684523809525,0.3023871473498931,0.5031249354262985,0.5833333333333334
raw,2,logistic_image_scale + cnn_lstm_image_scale,0.04561011904761906,0.49552062971352745,1.0465420052022743,0.5902777777777778
raw,2,logistic_image_scale + cnnlstm_image_scale,0.048958333333333354,0.45337049540204155,0.8933773485276664,0.5833333333333334
raw,2,logistic_image_scale + cnnlstm_cumulative_scale,0.03745039682539683,0.3736683458084621,0.6743517222641053,0.5902777777777778
raw,2,cnn_1d_image_scale + cnn_1d_attention_image_scale,0.04293154761904762,0.1583354468901349,0.1307228460533425,0.5625
raw,2,cnn_1d_image_scale + cnn_1d_dilated_image_scale,0.01981646825396826,0.2701934308362017,0.40293400871772955,0.5763888888888888
raw,2,cnn_1d_image_scale + cnn_lstm_image_scale,0.025446428571428578,0.24300835494850678,0.3333363567195735,0.5763888888888888
raw,2,cnn_1d_image_scale + cnnlstm_image_scale,0.034908234126984135,0.15261785553855606,0.11848998106191178,0.5555555555555556
raw,2,cnn_1d_image_scale + cnnlstm_cumulative_scale,0.01878720238095239,0.23152486975837722,0.3045472523123842,0.5694444444444444
raw,2,cnn_1d_attention_image_scale + cnn_1d_dilated_image_scale,0.017559523809523817,0.154201237760524,0.13271070317834743,0.5555555555555556
raw,2,cnn_1d_attention_image_scale + cnn_lstm_image_scale,0.03030753968253969,0.11181766092695186,0.03086526735908901,0.5555555555555556
raw,2,cnn_1d_attention_image_scale + cnnlstm_image_scale,0.033072916666666674,0.11516115118445548,0.03839497183094931,0.5347222222222222
raw,2,cnn_1d_attention_image_scale + cnnlstm_cumulative_scale,0.01671626984126985,0.2624798182174805,0.3877618750101517,0.5625
raw,2,cnn_1d_dilated_image_scale + cnn_lstm_image_scale,0.015972222222222224,0.096364447841465,-0.00872411648403415,0.5902777777777778
raw,2,cnn_1d_dilated_image_scale + cnnlstm_image_scale,0.016046626984126993,0.09474796475680836,-0.016608824338982586,0.5694444444444444
raw,2,cnn_1d_dilated_image_scale + cnnlstm_cumulative_scale,0.003447420634920633,0.34997140992821607,0.667063126115599,0.5833333333333334
raw,2,cnn_lstm_image_scale + cnnlstm_image_scale,0.0410094246031746,0.2802670468490003,0.45095648919497044,0.5763888888888888
raw,2,cnn_lstm_image_scale + cnnlstm_cumulative_scale,0.011979166666666667,0.6371254656921121,1.5857660165281335,0.5972222222222222
raw,2,cnnlstm_image_scale + cnnlstm_cumulative_scale,0.014434523809523814,0.6110410488899953,1.4791227783792098,0.5972222222222222
raw,3,logistic_cumulative_scale + logistic_image_scale + cnn_1d_image_scale,0.0334201388888889,0.2857626558733501,0.47979493586301003,0.6111111111111112
raw,3,logistic_cumulative_scale + logistic_image_scale + cnn_1d_attention_image_scale,0.038045634920634924,0.24690996434007598,0.36402505305360155,0.5694444444444444
raw,3,logistic_cumulative_scale + logistic_image_scale + cnn_1d_dilated_image_scale,0.03519345238095238,0.38010580262433863,0.7935729281970239,0.5972222222222222
raw,3,logistic_cumulative_scale + logistic_image_scale + cnn_lstm_image_scale,0.03311011904761905,0.24419319029227662,0.36485743282369,0.5902777777777778
raw,3,logistic_cumulative_scale + logistic_image_scale + cnnlstm_image_scale,0.03381696428571429,0.2671011741866562,0.4326172120828442,0.5902777777777778
raw,3,logistic_cumulative_scale + logistic_image_scale + cnnlstm_cumulative_scale,0.0275297619047619,0.3518824194959562,0.7030184969636897,0.5763888888888888
raw,3,logistic_cumulative_scale + cnn_1d_image_scale + cnn_1d_attention_image_scale,0.026736111111111117,0.08689483070134743,-0.013508770839858908,0.5486111111111112
raw,3,logistic_cumulative_scale + cnn_1d_image_scale + cnn_1d_dilated_image_scale,0.018080357142857145,0.19277369127530763,0.2223258327585269,0.5625
raw,3,logistic_cumulative_scale + cnn_1d_image_scale + cnn_lstm_image_scale,0.019952876984126986,0.09593453775270674,-0.0015107878888309667,0.5625
raw,3,logistic_cumulative_scale + cnn_1d_image_scale + cnnlstm_image_scale,0.018291170634920632,0.09652321044121513,0.003027693382070984,0.5625
raw,3,logistic_cumulative_scale + cnn_1d_image_scale + cnnlstm_cumulative_scale,0.011966765873015876,0.16396735223973224,0.15237527152223862,0.6041666666666666
raw,3,logistic_cumulative_scale + cnn_1d_attention_image_scale + cnn_1d_dilated_image_scale,0.023797123015873018,0.12655474243259826,0.06824428334478716,0.5555555555555556
raw,3,logistic_cumulative_scale + cnn_1d_attention_image_scale + cnn_lstm_image_scale,0.0173859126984127,0.14493299639353202,0.10740446853098584,0.5416666666666666
raw,3,logistic_cumulative_scale + cnn_1d_attention_image_scale + cnnlstm_image_scale,0.019146825396825398,0.14354416866739525,0.10419002168845548,0.5416666666666666
raw,3,logistic_cumulative_scale + cnn_1d_attention_image_scale + cnnlstm_cumulative_scale,0.0207093253968254,0.09583181297312113,0.001352922490917008,0.5347222222222222
raw,3,logistic_cumulative_scale + cnn_1d_dilated_image_scale + cnn_lstm_image_scale,0.018625992063492074,0.1252535800379887,0.06296646054589683,0.5555555555555556
raw,3,logistic_cumulative_scale + cnn_1d_dilated_image_scale + cnnlstm_image_scale,0.018278769841269846,0.0947726749254908,-0.0029253806846490926,0.5416666666666666
raw,3,logistic_cumulative_scale + cnn_1d_dilated_image_scale + cnnlstm_cumulative_scale,0.008953373015873019,0.2552341363194902,0.390779339417052,0.5972222222222222
raw,3,logistic_cumulative_scale + cnn_lstm_image_scale + cnnlstm_image_scale,0.007576884920634917,0.11425273880791356,0.03382181043506294,0.5486111111111112
raw,3,logistic_cumulative_scale + cnn_lstm_image_scale + cnnlstm_cumulative_scale,0.003484623015873018,0.16135908122938808,0.14449437696160117,0.5625
raw,3,logistic_cumulative_scale + cnnlstm_image_scale + cnnlstm_cumulative_scale,0.0033110119047619116,0.13949807618716845,0.0936315382063122,0.5555555555555556
raw,3,logistic_image_scale + cnn_1d_image_scale + cnn_1d_attention_image_scale,0.04811507936507938,0.2992773612778011,0.48190528164008684,0.5555555555555556
raw,3,logistic_image_scale + cnn_1d_image_scale + cnn_1d_dilated_image_scale,0.04472966269841271,0.26042663300709684,0.3814115240665308,0.5486111111111112
raw,3,logistic_image_scale + cnn_1d_image_scale + cnn_lstm_image_scale,0.04937996031746032,0.1743105543467709,0.1753556253453783,0.5416666666666666
raw,3,logistic_image_scale + cnn_1d_image_scale + cnnlstm_image_scale,0.04813988095238096,0.1986460628392254,0.22931545152592547,0.5555555555555556
raw,3,logistic_image_scale + cnn_1d_image_scale + cnnlstm_cumulative_scale,0.041654265873015885,0.39546606898181336,0.7084004938025683,0.5416666666666666
raw,3,logistic_image_scale + cnn_1d_attention_image_scale + cnn_1d_dilated_image_scale,0.04174107142857143,0.19950649069676704,0.2323310432960224,0.5763888888888888
raw,3,logistic_image_scale + cnn_1d_attention_image_scale + cnn_lstm_image_scale,0.043836805555555566,0.19855187155208015,0.2323397281473336,0.5763888888888888
raw,3,logistic_image_scale + cnn_1d_attention_image_scale + cnnlstm_image_scale,0.047457837301587306,0.23004739648706723,0.3079817959960427,0.5833333333333334
raw,3,logistic_image_scale + cnn_1d_attention_image_scale + cnnlstm_cumulative_scale,0.04309275793650795,0.3229536921292,0.5644578127423063,0.5972222222222222
raw,3,logistic_image_scale + cnn_1d_dilated_image_scale + cnn_lstm_image_scale,0.04327876984126985,0.22989794028578808,0.3053482594136876,0.5694444444444444
raw,3,logistic_image_scale + cnn_1d_dilated_image_scale + cnnlstm_image_scale,0.04365079365079365,0.2432328515160277,0.3376903300990888,0.5694444444444444
raw,3,logistic_image_scale + cnn_1d_dilated_image_scale + cnnlstm_cumulative_scale,0.03442460317460318,0.3109724164493636,0.5449046637040666,0.5694444444444444
raw,3,logistic_image_scale + cnn_lstm_image_scale + cnnlstm_image_scale,0.04879712301587302,0.4147877388709669,0.7917145489459967,0.5972222222222222
raw,3,logistic_image_scale + cnn_lstm_image_scale + cnnlstm_cumulative_scale,0.038926091269841284,0.4934946653228879,1.0755751401579365,0.5972222222222222
raw,3,logistic_image_scale + cnnlstm_image_scale + cnnlstm_cumulative_scale,0.04126984126984128,0.5134976148189533,1.1628729038142946,0.5833333333333334
raw,3,cnn_1d_image_scale + cnn_1d_attention_image_scale + cnn_1d_dilated_image_scale,0.029166666666666678,0.2655577337401426,0.3979566688257543,0.5555555555555556
raw,3,cnn_1d_image_scale + cnn_1d_attention_image_scale + cnn_lstm_image_scale,0.04456845238095239,0.1234142737891853,0.056903683208537226,0.5833333333333334
raw,3,cnn_1d_image_scale + cnn_1d_attention_image_scale + cnnlstm_image_scale,0.044593253968253976,0.07744318869801331,-0.03337932811055411,0.5555555555555556
raw,3,cnn_1d_image_scale + cnn_1d_attention_image_scale + cnnlstm_cumulative_scale,0.03621031746031747,0.1591576013285626,0.13345283024431254,0.5625
raw,3,cnn_1d_image_scale + cnn_1d_dilated_image_scale + cnn_lstm_image_scale,0.021093750000000005,0.148636497305027,0.12087086908145572,0.5555555555555556
raw,3,cnn_1d_image_scale + cnn_1d_dilated_image_scale + cnnlstm_image_scale,0.02123015873015873,0.10384805205720486,0.00860708133415411,0.5347222222222222
raw,3,cnn_1d_image_scale + cnn_1d_dilated_image_scale + cnnlstm_cumulative_scale,0.013182043650793656,0.4111209883045395,0.8412848494976974,0.6111111111111112
raw,3,cnn_1d_image_scale + cnn_lstm_image_scale + cnnlstm_image_scale,0.03583829365079366,0.2890768053580484,0.46043314977321614,0.5763888888888888
raw,3,cnn_1d_image_scale + cnn_lstm_image_scale + cnnlstm_cumulative_scale,0.02405753968253969,0.203761603765004,0.23948084800743108,0.5555555555555556
raw,3,cnn_1d_image_scale + cnnlstm_image_scale + cnnlstm_cumulative_scale,0.025682043650793653,0.20753044996918957,0.2488008541597515,0.5555555555555556
raw,3,cnn_1d_attention_image_scale + cnn_1d_dilated_image_scale + cnn_lstm_image_scale,0.021242559523809528,0.008576606612385674,-0.17362103549217411,0.5416666666666666
raw,3,cnn_1d_attention_image_scale + cnn_1d_dilated_image_scale + cnnlstm_image_scale,0.021490575396825404,0.027802365458652833,-0.143213557411921,0.5416666666666666
raw,3,cnn_1d_attention_image_scale + cnn_1d_dilated_image_scale + cnnlstm_cumulative_scale,0.01624503968253969,0.09203514997344713,-0.01201017054878084,0.5277777777777778
raw,3,cnn_1d_attention_image_scale + cnn_lstm_image_scale + cnnlstm_image_scale,0.03283730158730159,0.16414784609545358,0.14339403366296066,0.5486111111111112
raw,3,cnn_1d_attention_image_scale + cnn_lstm_image_scale + cnnlstm_cumulative_scale,0.027455357142857146,0.1080821472515987,0.024265536769471074,0.5555555555555556
raw,3,cnn_1d_attention_image_scale + cnnlstm_image_scale + cnnlstm_cumulative_scale,0.02832341269841271,0.12083413010343437,0.05061172605644004,0.5486111111111112
raw,3,cnn_1d_dilated_image_scale + cnn_lstm_image_scale + cnnlstm_image_scale,0.02686011904761905,0.02562076497272212,-0.1519302603285939,0.5555555555555556
raw,3,cnn_1d_dilated_image_scale + cnn_lstm_image_scale + cnnlstm_cumulative_scale,0.015004960317460325,0.208318380976356,0.2550506319434416,0.6041666666666666
raw,3,cnn_1d_dilated_image_scale + cnnlstm_image_scale + cnnlstm_cumulative_scale,0.012859623015873019,0.1607649103023764,0.14682401153258873,0.5902777777777778
raw,3,cnn_lstm_image_scale + cnnlstm_image_scale + cnnlstm_cumulative_scale,0.025148809523809528,0.561369339192794,1.290002423614867,0.6111111111111112
raw,4,logistic_cumulative_scale + logistic_image_scale + cnn_1d_image_scale + cnn_1d_attention_image_scale,0.039347718253968274,0.15917606588972746,0.1418757441742875,0.5763888888888888
raw,4,logistic_cumulative_scale + logistic_image_scale + cnn_1d_image_scale + cnn_1d_dilated_image_scale,0.03687996031746033,0.22792572622641474,0.3066040903306777,0.5833333333333334
raw,4,logistic_cumulative_scale + logistic_image_scale + cnn_1d_image_scale + cnn_lstm_image_scale,0.03976934523809524,0.2688490179326605,0.4283276512605594,0.5902777777777778
raw,4,logistic_cumulative_scale + logistic_image_scale + cnn_1d_image_scale + cnnlstm_image_scale,0.040054563492063495,0.26677855972042785,0.4230276026759463,0.5902777777777778
raw,4,logistic_cumulative_scale + logistic_image_scale + cnn_1d_image_scale + cnnlstm_cumulative_scale,0.035429067460317466,0.26877140531498483,0.4278626304060966,0.5972222222222222
raw,4,logistic_cumulative_scale + logistic_image_scale + cnn_1d_attention_image_scale + cnn_1d_dilated_image_scale,0.04066220238095238,0.24316651654553414,0.3498075239005831,0.5694444444444444
raw,4,logistic_cumulative_scale + logistic_image_scale + cnn_1d_attention_image_scale + cnn_lstm_image_scale,0.038578869047619056,0.26738067676893185,0.42617439115600964,0.5833333333333334
raw,4,logistic_cumulative_scale + logistic_image_scale + cnn_1d_attention_image_scale + cnnlstm_image_scale,0.037462797619047625,0.26220374344469766,0.4113403073954611,0.5763888888888888
raw,4,logistic_cumulative_scale + logistic_image_scale + cnn_1d_attention_image_scale + cnnlstm_cumulative_scale,0.037450396825396824,0.20018532056943403,0.24111697786623187,0.5694444444444444
raw,4,logistic_cumulative_scale + logistic_image_scale + cnn_1d_dilated_image_scale + cnn_lstm_image_scale,0.035850694444444456,0.3706753377791803,0.761416671567368,0.5902777777777778
raw,4,logistic_cumulative_scale + logistic_image_scale + cnn_1d_dilated_image_scale + cnnlstm_image_scale,0.036830357142857144,0.3649900689973283,0.7409913796972474,0.5972222222222222
raw,4,logistic_cumulative_scale + logistic_image_scale + cnn_1d_dilated_image_scale + cnnlstm_cumulative_scale,0.03303571428571429,0.33510121326049414,0.6363261664375981,0.5902777777777778
raw,4,logistic_cumulative_scale + logistic_image_scale + cnn_lstm_image_scale + cnnlstm_image_scale,0.03557787698412699,0.16914251272308092,0.1633176761428603,0.5694444444444444
raw,4,logistic_cumulative_scale + logistic_image_scale + cnn_lstm_image_scale + cnnlstm_cumulative_scale,0.031907242063492075,0.33860415682234263,0.6639430082599407,0.5972222222222222
raw,4,logistic_cumulative_scale + logistic_image_scale + cnnlstm_image_scale + cnnlstm_cumulative_scale,0.03187003968253969,0.33041560609042914,0.6362570987289331,0.5902777777777778
raw,4,logistic_cumulative_scale + cnn_1d_image_scale + cnn_1d_attention_image_scale + cnn_1d_dilated_image_scale,0.03332093253968254,0.13228531275330738,0.08369741970023936,0.5416666666666666
raw,4,logistic_cumulative_scale + cnn_1d_image_scale + cnn_1d_attention_image_scale + cnn_lstm_image_scale,0.03112599206349206,0.10427849004041533,0.022680496836915864,0.5625
raw,4,logistic_cumulative_scale + cnn_1d_image_scale + cnn_1d_attention_image_scale + cnnlstm_image_scale,0.031907242063492075,0.10181688057111492,0.017811683067598727,0.5555555555555556
raw,4,logistic_cumulative_scale + cnn_1d_image_scale + cnn_1d_attention_image_scale + cnnlstm_cumulative_scale,0.030419146825396835,0.10369142457326111,0.021036172961869326,0.5486111111111112
raw,4,logistic_cumulative_scale + cnn_1d_image_scale + cnn_1d_dilated_image_scale + cnn_lstm_image_scale,0.025533234126984144,0.1641164040710158,0.15237278955223688,0.5625
raw,4,logistic_cumulative_scale + cnn_1d_image_scale + cnn_1d_dilated_image_scale + cnnlstm_image_scale,0.023846726190476196,0.13053167401538784,0.07571473641118476,0.5625
raw,4,logistic_cumulative_scale + cnn_1d_image_scale + cnn_1d_dilated_image_scale + cnnlstm_cumulative_scale,0.017013888888888887,0.21144418540475143,0.26906406545675376,0.5694444444444444
raw,4,logistic_cumulative_scale + cnn_1d_image_scale + cnn_lstm_image_scale + cnnlstm_image_scale,0.02003968253968254,0.1947680970801429,0.22842890058388488,0.5763888888888888
raw,4,logistic_cumulative_scale + cnn_1d_image_scale + cnn_lstm_image_scale + cnnlstm_cumulative_scale,0.017559523809523817,0.1750261728200455,0.17918081334953784,0.5833333333333334
raw,4,logistic_cumulative_scale + cnn_1d_image_scale + cnnlstm_image_scale + cnnlstm_cumulative_scale,0.01697668650793651,0.1489749231280804,0.11768924484065146,0.5902777777777778
raw,4,logistic_cumulative_scale + cnn_1d_attention_image_scale + cnn_1d_dilated_image_scale + cnn_lstm_image_scale,0.024491567460317467,0.11943787065439028,0.05147873047548157,0.5555555555555556
raw,4,logistic_cumulative_scale + cnn_1d_attention_image_scale + cnn_1d_dilated_image_scale + cnnlstm_image_scale,0.0246155753968254,0.12360711701094593,0.06063909725733296,0.5486111111111112
raw,4,logistic_cumulative_scale + cnn_1d_attention_image_scale + cnn_1d_dilated_image_scale + cnnlstm_cumulative_scale,0.02186259920634922,0.13275425228717622,0.08158245534975528,0.5486111111111112
raw,4,logistic_cumulative_scale + cnn_1d_attention_image_scale + cnn_lstm_image_scale + cnnlstm_image_scale,0.013975694444444454,0.08564921216404389,-0.019285427750428852,0.5347222222222222
raw,4,logistic_cumulative_scale + cnn_1d_attention_image_scale + cnn_lstm_image_scale + cnnlstm_cumulative_scale,0.016331845238095243,0.11096933017717989,0.032518171558473696,0.5347222222222222
raw,4,logistic_cumulative_scale + cnn_1d_attention_image_scale + cnnlstm_image_scale + cnnlstm_cumulative_scale,0.01681547619047619,0.0956802834217044,-0.00023539449282972136,0.5347222222222222
raw,4,logistic_cumulative_scale + cnn_1d_dilated_image_scale + cnn_lstm_image_scale + cnnlstm_image_scale,0.021155753968253973,0.16931692307418322,0.16465617713598757,0.5555555555555556
raw,4,logistic_cumulative_scale + cnn_1d_dilated_image_scale + cnn_lstm_image_scale + cnnlstm_cumulative_scale,0.015066964285714284,0.20086550480004178,0.24401302369900724,0.5763888888888888
raw,4,logistic_cumulative_scale + cnn_1d_dilated_image_scale + cnnlstm_image_scale + cnnlstm_cumulative_scale,0.014843749999999996,0.17204540435701274,0.171711191535731,0.5625
raw,4,logistic_cumulative_scale + cnn_lstm_image_scale + cnnlstm_image_scale + cnnlstm_cumulative_scale,0.0028769841269841267,0.0765024107208337,-0.048573502354277265,0.5486111111111112
raw,4,logistic_image_scale + cnn_1d_image_scale + cnn_1d_attention_image_scale + cnn_1d_dilated_image_scale,0.044481646825396834,0.24825213956537295,0.3484719083195462,0.5694444444444444
raw,4,logistic_image_scale + cnn_1d_image_scale + cnn_1d_attention_image_scale + cnn_lstm_image_scale,0.04956597222222224,0.21901787744099477,0.27903877706046165,0.5902777777777778
raw,4,logistic_image_scale + cnn_1d_image_scale + cnn_1d_attention_image_scale + cnnlstm_image_scale,0.049305555555555575,0.22648983247335458,0.29687865407667546,0.5902777777777778
raw,4,logistic_image_scale + cnn_1d_image_scale + cnn_1d_attention_image_scale + cnnlstm_cumulative_scale,0.0451388888888889,0.28950694661975596,0.4654293498505975,0.5625
raw,4,logistic_image_scale + cnn_1d_image_scale + cnn_1d_dilated_image_scale + cnn_lstm_image_scale,0.04919394841269842,0.17139432575845057,0.1685814628108231,0.5555555555555556
raw,4,logistic_image_scale + cnn_1d_image_scale + cnn_1d_dilated_image_scale + cnnlstm_image_scale,0.04717261904761906,0.17314036684109543,0.17251016011761022,0.5555555555555556
raw,4,logistic_image_scale + cnn_1d_image_scale + cnn_1d_dilated_image_scale + cnnlstm_cumulative_scale,0.04011656746031747,0.23474174194132663,0.31963851637931806,0.5486111111111112
raw,4,logistic_image_scale + cnn_1d_image_scale + cnn_lstm_image_scale + cnnlstm_image_scale,0.04807787698412699,0.22841814197846627,0.30592343220924145,0.5625
raw,4,logistic_image_scale + cnn_1d_image_scale + cnn_lstm_image_scale + cnnlstm_cumulative_scale,0.04500248015873017,0.446732384467621,0.8515380322935138,0.5694444444444444
raw,4,logistic_image_scale + cnn_1d_image_scale + cnnlstm_image_scale + cnnlstm_cumulative_scale,0.04331597222222223,0.4320217270811486,0.8105764288191768,0.5763888888888888
raw,4,logistic_image_scale + cnn_1d_attention_image_scale + cnn_1d_dilated_image_scale + cnn_lstm_image_scale,0.043154761904761904,0.15141450314940952,0.12559468298412146,0.5694444444444444
raw,4,logistic_image_scale + cnn_1d_attention_image_scale + cnn_1d_dilated_image_scale + cnnlstm_image_scale,0.04461805555555556,0.16323577748584475,0.15106421248745683,0.5694444444444444
raw,4,logistic_image_scale + cnn_1d_attention_image_scale + cnn_1d_dilated_image_scale + cnnlstm_cumulative_scale,0.04315476190476192,0.20952582115709495,0.2572898432965369,0.5625
raw,4,logistic_image_scale + cnn_1d_attention_image_scale + cnn_lstm_image_scale + cnnlstm_image_scale,0.042931547619047626,0.22485880665169736,0.29846726437052995,0.5902777777777778
raw,4,logistic_image_scale + cnn_1d_attention_image_scale + cnn_lstm_image_scale + cnnlstm_cumulative_scale,0.04221230158730159,0.3269592303296506,0.5821439719594501,0.5902777777777778
raw,4,logistic_image_scale + cnn_1d_attention_image_scale + cnnlstm_image_scale + cnnlstm_cumulative_scale,0.04398561507936508,0.363769334224459,0.6978901379090323,0.5972222222222222
raw,4,logistic_image_scale + cnn_1d_dilated_image_scale + cnn_lstm_image_scale + cnnlstm_image_scale,0.04708581349206349,0.26123434291246733,0.39359410613162393,0.5763888888888888
raw,4,logistic_image_scale + cnn_1d_dilated_image_scale + cnn_lstm_image_scale + cnnlstm_cumulative_scale,0.03976934523809524,0.34740735070241663,0.6495958785959359,0.5972222222222222
raw,4,logistic_image_scale + cnn_1d_dilated_image_scale + cnnlstm_image_scale + cnnlstm_cumulative_scale,0.0386904761904762,0.35132480606821637,0.669690186832115,0.5972222222222222
raw,4,logistic_image_scale + cnn_lstm_image_scale + cnnlstm_image_scale + cnnlstm_cumulative_scale,0.03855406746031747,0.5740329857777604,1.380435938619144,0.6180555555555556
raw,4,cnn_1d_image_scale + cnn_1d_attention_image_scale + cnn_1d_dilated_image_scale + cnn_lstm_image_scale,0.03164682539682541,0.14541852819783638,0.1143960181478052,0.5416666666666666
raw,4,cnn_1d_image_scale + cnn_1d_attention_image_scale + cnn_1d_dilated_image_scale + cnnlstm_image_scale,0.031274801587301594,0.12941548570337613,0.08164784843296768,0.5347222222222222
raw,4,cnn_1d_image_scale + cnn_1d_attention_image_scale + cnn_1d_dilated_image_scale + cnnlstm_cumulative_scale,0.026624503968253974,0.17287780064565952,0.1640313456833471,0.5416666666666666
raw,4,cnn_1d_image_scale + cnn_1d_attention_image_scale + cnn_lstm_image_scale + cnnlstm_image_scale,0.04110863095238096,0.11237208439113716,0.03105234867275275,0.5555555555555556
raw,4,cnn_1d_image_scale + cnn_1d_attention_image_scale + cnn_lstm_image_scale + cnnlstm_cumulative_scale,0.03836805555555556,0.14744891633546994,0.10711387993796873,0.5763888888888888
raw,4,cnn_1d_image_scale + cnn_1d_attention_image_scale + cnnlstm_image_scale + cnnlstm_cumulative_scale,0.03876488095238095,0.1366423951617897,0.08366373483733569,0.5694444444444444
raw,4,cnn_1d_image_scale + cnn_1d_dilated_image_scale + cnn_lstm_image_scale + cnnlstm_image_scale,0.025272817460317468,0.10613787791657842,0.011453236880005324,0.5347222222222222
raw,4,cnn_1d_image_scale + cnn_1d_dilated_image_scale + cnn_lstm_image_scale + cnnlstm_cumulative_scale,0.021019345238095247,0.2998339500617516,0.4816128476788868,0.5902777777777778
raw,4,cnn_1d_image_scale + cnn_1d_dilated_image_scale + cnnlstm_image_scale + cnnlstm_cumulative_scale,0.02144097222222223,0.29701277768444845,0.47506041782290875,0.5833333333333334
raw,4,cnn_1d_image_scale + cnn_lstm_image_scale + cnnlstm_image_scale + cnnlstm_cumulative_scale,0.028100198412698424,0.21095824181685421,0.2555839811389369,0.5625
raw,4,cnn_1d_attention_image_scale + cnn_1d_dilated_image_scale + cnn_lstm_image_scale + cnnlstm_image_scale,0.028075396825396833,-0.05220651970793118,-0.2721175250726866,0.5277777777777778
raw,4,cnn_1d_attention_image_scale + cnn_1d_dilated_image_scale + cnn_lstm_image_scale + cnnlstm_cumulative_scale,0.02172619047619048,0.10203843768251543,0.025089635071264826,0.5347222222222222
raw,4,cnn_1d_attention_image_scale + cnn_1d_dilated_image_scale + cnnlstm_image_scale + cnnlstm_cumulative_scale,0.02054811507936508,0.0718911902645566,-0.049227866288904965,0.5347222222222222
raw,4,cnn_1d_attention_image_scale + cnn_lstm_image_scale + cnnlstm_image_scale + cnnlstm_cumulative_scale,0.03017113095238095,0.14469838004174443,0.10007897414638878,0.5416666666666666
raw,4,cnn_1d_dilated_image_scale + cnn_lstm_image_scale + cnnlstm_image_scale + cnnlstm_cumulative_scale,0.021887400793650796,0.241430836866116,0.34183745899818696,0.5902777777777778
rank,1,logistic_cumulative_scale,0.0033358134920634885,0.12555277038177268,0.05796588973424921,0.5625
rank,1,logistic_image_scale,0.042485119047619056,0.42257829092773214,0.7646659779712726,0.6041666666666666
rank,1,cnn_1d_image_scale,0.025175406737741875,0.17904038389121407,0.17598540285685726,0.5694444444444444
rank,1,cnn_1d_attention_image_scale,0.024975198412698407,0.10036585110958962,0.008253432057526267,0.5486111111111112
rank,1,cnn_1d_dilated_image_scale,0.0036210317460317453,0.15616639021522907,0.11948313725708326,0.5833333333333334
rank,1,cnn_lstm_image_scale,0.038918936946368284,0.3234387178947795,0.5920097292827411,0.6041666666666666
rank,1,cnnlstm_image_scale,0.04482886904761906,0.43372873123002603,0.899801674505295,0.5763888888888888
rank,1,cnnlstm_cumulative_scale,-0.012549603174603175,0.36099154509879655,0.5787823921091009,0.5625
rank,2,logistic_cumulative_scale + logistic_image_scale,0.026306331831622346,0.2648746748121636,0.42091804492422336,0.5833333333333334
rank,2,logistic_cumulative_scale + cnn_1d_image_scale,0.00915306124771025,0.2902377728044215,0.49319080356227807,0.5833333333333334
rank,2,logistic_cumulative_scale + cnn_1d_attention_image_scale,0.013911360162879083,0.014368968085544049,-0.15208497367212492,0.5277777777777778
rank,2,logistic_cumulative_scale + cnn_1d_dilated_image_scale,0.007825204332012224,0.2569503409984539,0.39790090991537874,0.5833333333333334
rank,2,logistic_cumulative_scale + cnn_lstm_image_scale,0.022717160907316833,0.21887152819257558,0.2940794707921033,0.5694444444444444
rank,2,logistic_cumulative_scale + cnnlstm_image_scale,0.024842238907709095,0.29745155608795576,0.49987775290518677,0.5555555555555556
rank,2,logistic_cumulative_scale + cnnlstm_cumulative_scale,-3.490947585295976e-05,0.20921592992790403,0.2688292790098099,0.5625
rank,2,logistic_image_scale + cnn_1d_image_scale,0.03439185374903909,0.369845620980469,0.6899101701556698,0.5833333333333334
rank,2,logistic_image_scale + cnn_1d_attention_image_scale,0.036284331222439695,0.4067750548454709,0.7123638325333781,0.6041666666666666
rank,2,logistic_image_scale + cnn_1d_dilated_image_scale,0.028016426356040607,0.3248023906511374,0.5679482523458264,0.5902777777777778
rank,2,logistic_image_scale + cnn_lstm_image_scale,0.05059793208061034,0.3310285368794473,0.6114374333071178,0.6041666666666666
rank,2,logistic_image_scale + cnnlstm_image_scale,0.055247101457545335,0.4412154625848278,0.8892592170842266,0.6041666666666666
rank,2,logistic_image_scale + cnnlstm_cumulative_scale,0.01889567452667292,0.4892031947534097,1.0150127694440574,0.5833333333333334
rank,2,cnn_1d_image_scale + cnn_1d_attention_image_scale,0.025653197253585287,0.18402724400294337,0.188803063052301,0.5763888888888888
rank,2,cnn_1d_image_scale + cnn_1d_dilated_image_scale,0.022150166760296554,0.3221629180405209,0.5404959956921611,0.5694444444444444
rank,2,cnn_1d_image_scale + cnn_lstm_image_scale,0.03349045839505457,0.24359145498178636,0.3340404193421682,0.5833333333333334
rank,2,cnn_1d_image_scale + cnnlstm_image_scale,0.03825131176453536,0.20268255783516648,0.23301452046015148,0.5694444444444444
rank,2,cnn_1d_image_scale + cnnlstm_cumulative_scale,0.0050766147740266224,0.317491361377055,0.5524387103196648,0.5694444444444444
rank,2,cnn_1d_attention_image_scale + cnn_1d_dilated_image_scale,0.016002250440804486,0.09548788907214985,0.014123144401603227,0.5486111111111112
rank,2,cnn_1d_attention_image_scale + cnn_lstm_image_scale,0.03615453921200304,0.21291154751731656,0.2573655215244566,0.5625
rank,2,cnn_1d_attention_image_scale + cnnlstm_image_scale,0.03771193302642341,0.20378892403549514,0.23818533157421817,0.5555555555555556
rank,2,cnn_1d_attention_image_scale + cnnlstm_cumulative_scale,0.006678405654619677,0.23322209452231968,0.31418207240301554,0.5763888888888888
rank,2,cnn_1d_dilated_image_scale + cnn_lstm_image_scale,0.02483474018328713,0.14889718833388269,0.10325306518406574,0.5763888888888888
rank,2,cnn_1d_dilated_image_scale + cnnlstm_image_scale,0.02777023822421187,0.11523139153710876,0.03579574155664722,0.5486111111111112
rank,2,cnn_1d_dilated_image_scale + cnnlstm_cumulative_scale,-0.003151703639496343,0.1694418503325825,0.15648136718368444,0.5694444444444444
rank,2,cnn_lstm_image_scale + cnnlstm_image_scale,0.03863328920384423,0.420218814078186,0.8493231773404875,0.5902777777777778
rank,2,cnn_lstm_image_scale + cnnlstm_cumulative_scale,0.019696023094439158,0.43008095335995783,0.8859091232113581,0.6111111111111112
rank,2,cnnlstm_image_scale + cnnlstm_cumulative_scale,0.02176850773672715,0.43184467022740486,0.8028455622730506,0.5972222222222222
rank,3,logistic_cumulative_scale + logistic_image_scale + cnn_1d_image_scale,0.029491093108506335,0.2264845267655065,0.30792122817917233,0.5694444444444444
rank,3,logistic_cumulative_scale + logistic_image_scale + cnn_1d_attention_image_scale,0.033736554463481845,0.21528435953301553,0.2773243277778086,0.5694444444444444
rank,3,logistic_cumulative_scale + logistic_image_scale + cnn_1d_dilated_image_scale,0.02992345566003679,0.3821241907257396,0.8031500074654712,0.6041666666666666
rank,3,logistic_cumulative_scale + logistic_image_scale + cnn_lstm_image_scale,0.03738914067642557,0.19167235656694986,0.22045535906776137,0.5833333333333334
rank,3,logistic_cumulative_scale + logistic_image_scale + cnnlstm_image_scale,0.03988909986047365,0.33414297691184797,0.6013422019815788,0.5694444444444444
rank,3,logistic_cumulative_scale + logistic_image_scale + cnnlstm_cumulative_scale,0.015255673188074694,0.3862229327087651,0.7829364515098183,0.5833333333333334
rank,3,logistic_cumulative_scale + cnn_1d_image_scale + cnn_1d_attention_image_scale,0.024899628102130804,0.22169299005413656,0.2891320346062911,0.5763888888888888
rank,3,logistic_cumulative_scale + cnn_1d_image_scale + cnn_1d_dilated_image_scale,0.004546643416681194,0.16854650917895808,0.16259129021080465,0.5555555555555556
rank,3,logistic_cumulative_scale + cnn_1d_image_scale + cnn_lstm_image_scale,0.037096450742017326,0.313882955674626,0.560003703495175,0.6041666666666666
rank,3,logistic_cumulative_scale + cnn_1d_image_scale + cnnlstm_image_scale,0.03848432207465031,0.2908461703775509,0.48672180107926044,0.6041666666666666
rank,3,logistic_cumulative_scale + cnn_1d_image_scale + cnnlstm_cumulative_scale,0.007367240037830005,0.17665821954129016,0.18282409816606848,0.5763888888888888
rank,3,logistic_cumulative_scale + cnn_1d_attention_image_scale + cnn_1d_dilated_image_scale,0.020944830503729545,0.22615104374017364,0.3066848058105065,0.5625
rank,3,logistic_cumulative_scale + cnn_1d_attention_image_scale + cnn_lstm_image_scale,0.028881783197729292,0.26357048895892055,0.4096130958501829,0.5972222222222222
rank,3,logistic_cumulative_scale + cnn_1d_attention_image_scale + cnnlstm_image_scale,0.03190206120589645,0.21893011574729543,0.28895212510745516,0.5763888888888888
rank,3,logistic_cumulative_scale + cnn_1d_attention_image_scale + cnnlstm_cumulative_scale,0.010099279748091508,0.16258899833660526,0.14988598764406236,0.5763888888888888
rank,3,logistic_cumulative_scale + cnn_1d_dilated_image_scale + cnn_lstm_image_scale,0.033396349749852665,0.2913950525032181,0.4977390672731463,0.6041666666666666
rank,3,logistic_cumulative_scale + cnn_1d_dilated_image_scale + cnnlstm_image_scale,0.03183618053193711,0.3074664553494947,0.5428885990199557,0.6041666666666666
rank,3,logistic_cumulative_scale + cnn_1d_dilated_image_scale + cnnlstm_cumulative_scale,0.0016558498595860105,0.2721284706133122,0.4452488205347205,0.5694444444444444
rank,3,logistic_cumulative_scale + cnn_lstm_image_scale + cnnlstm_image_scale,0.03032369024359644,0.3420509736298175,0.659938539877007,0.6041666666666666
rank,3,logistic_cumulative_scale + cnn_lstm_image_scale + cnnlstm_cumulative_scale,0.01246532106825787,0.3271432549944183,0.626410157836014,0.5902777777777778
rank,3,logistic_cumulative_scale + cnnlstm_image_scale + cnnlstm_cumulative_scale,0.016650742967755837,0.40888299742619527,0.8320786360751016,0.5763888888888888
rank,3,logistic_image_scale + cnn_1d_image_scale + cnn_1d_attention_image_scale,0.036947520668275925,0.16709550941553197,0.14987728556120627,0.5694444444444444
rank,3,logistic_image_scale + cnn_1d_image_scale + cnn_1d_dilated_image_scale,0.029950587427863704,0.27295505241184537,0.4084034138389039,0.5486111111111112
rank,3,logistic_image_scale + cnn_1d_image_scale + cnn_lstm_image_scale,0.05213214827503921,0.2734963384294036,0.4271935783116976,0.5833333333333334
rank,3,logistic_image_scale + cnn_1d_image_scale + cnnlstm_image_scale,0.05010408356452315,0.17176090622582357,0.16109306096117293,0.5625
rank,3,logistic_image_scale + cnn_1d_image_scale + cnnlstm_cumulative_scale,0.026996906887711968,0.3637946615573443,0.6191111191596697,0.5833333333333334
rank,3,logistic_image_scale + cnn_1d_attention_image_scale + cnn_1d_dilated_image_scale,0.02619871687125213,0.2666766932896006,0.398849033748953,0.5902777777777778
rank,3,logistic_image_scale + cnn_1d_attention_image_scale + cnn_lstm_image_scale,0.04853398487520119,0.3321200702188923,0.5964417097120771,0.5902777777777778
rank,3,logistic_image_scale + cnn_1d_attention_image_scale + cnnlstm_image_scale,0.05017952648782491,0.4966972219492848,1.0359227028795583,0.5694444444444444
rank,3,logistic_image_scale + cnn_1d_attention_image_scale + cnnlstm_cumulative_scale,0.027510917257815373,0.4217649899049383,0.7939010790147378,0.5972222222222222
rank,3,logistic_image_scale + cnn_1d_dilated_image_scale + cnn_lstm_image_scale,0.04187158633604809,0.3566915319275636,0.6761247436055018,0.5972222222222222
rank,3,logistic_image_scale + cnn_1d_dilated_image_scale + cnnlstm_image_scale,0.03902515410503894,0.2537681160257019,0.3702868580015388,0.5763888888888888
rank,3,logistic_image_scale + cnn_1d_dilated_image_scale + cnnlstm_cumulative_scale,0.014020492871914553,0.4591999827585047,0.9454781825526573,0.5694444444444444
rank,3,logistic_image_scale + cnn_lstm_image_scale + cnnlstm_image_scale,0.0452963449655231,0.4071866513458068,0.7830427345400781,0.6041666666666666
rank,3,logistic_image_scale + cnn_lstm_image_scale + cnnlstm_cumulative_scale,0.03189898041415563,0.7027128297924583,1.951252827878815,0.5972222222222222
rank,3,logistic_image_scale + cnnlstm_image_scale + cnnlstm_cumulative_scale,0.033762369700756245,0.5866357675845878,1.3785196243014086,0.5763888888888888
rank,3,cnn_1d_image_scale + cnn_1d_attention_image_scale + cnn_1d_dilated_image_scale,0.02385858270461459,0.1369039767578839,0.08545574577097859,0.5763888888888888
rank,3,cnn_1d_image_scale + cnn_1d_attention_image_scale + cnn_lstm_image_scale,0.03743352194303383,0.16021516490268103,0.13449084809428702,0.6041666666666666
rank,3,cnn_1d_image_scale + cnn_1d_attention_image_scale + cnnlstm_image_scale,0.03934447135639619,0.15919189871378728,0.13224364965560698,0.5902777777777778
rank,3,cnn_1d_image_scale + cnn_1d_attention_image_scale + cnnlstm_cumulative_scale,0.01653721966818239,0.17362167992780259,0.165290176559016,0.5277777777777778
rank,3,cnn_1d_image_scale + cnn_1d_dilated_image_scale + cnn_lstm_image_scale,0.025506626341072123,0.1562367270069259,0.12031156239434537,0.5486111111111112
rank,3,cnn_1d_image_scale + cnn_1d_dilated_image_scale + cnnlstm_image_scale,0.025949137959303887,0.17709333836579186,0.17330643294247583,0.5555555555555556
rank,3,cnn_1d_image_scale + cnn_1d_dilated_image_scale + cnnlstm_cumulative_scale,0.007793894180999482,0.16734810754214652,0.15091305473197747,0.5486111111111112
rank,3,cnn_1d_image_scale + cnn_lstm_image_scale + cnnlstm_image_scale,0.03946689926803307,0.25066583240748797,0.3620167290888874,0.5833333333333334
rank,3,cnn_1d_image_scale + cnn_lstm_image_scale + cnnlstm_cumulative_scale,0.018885152618046342,0.257985489176191,0.37655266978138635,0.6180555555555556
rank,3,cnn_1d_image_scale + cnnlstm_image_scale + cnnlstm_cumulative_scale,0.021755916529979984,0.23481146094352742,0.3159093056924216,0.6041666666666666
rank,3,cnn_1d_attention_image_scale + cnn_1d_dilated_image_scale + cnn_lstm_image_scale,0.030744865579189765,0.06891218605245363,-0.06679653524334406,0.5694444444444444
rank,3,cnn_1d_attention_image_scale + cnn_1d_dilated_image_scale + cnnlstm_image_scale,0.03194418588946722,0.06910304220455363,-0.057982172296127454,0.5347222222222222
rank,3,cnn_1d_attention_image_scale + cnn_1d_dilated_image_scale + cnnlstm_cumulative_scale,0.012700381828449486,0.06663044806411571,-0.056288220134060984,0.5347222222222222
rank,3,cnn_1d_attention_image_scale + cnn_lstm_image_scale + cnnlstm_image_scale,0.04478481521208537,0.26704854274676937,0.41043335933715985,0.5763888888888888
rank,3,cnn_1d_attention_image_scale + cnn_lstm_image_scale + cnnlstm_cumulative_scale,0.02575485426030558,0.22928056315717354,0.30954434315380963,0.5902777777777778
rank,3,cnn_1d_attention_image_scale + cnnlstm_image_scale + cnnlstm_cumulative_scale,0.025914569194592278,0.16032992555748468,0.13383690775903134,0.5833333333333334
rank,3,cnn_1d_dilated_image_scale + cnn_lstm_image_scale + cnnlstm_image_scale,0.03770400492072183,0.16263123579753286,0.13349508848454827,0.5902777777777778
rank,3,cnn_1d_dilated_image_scale + cnn_lstm_image_scale + cnnlstm_cumulative_scale,0.01872585858356517,0.23087952410539825,0.3086119421674327,0.5902777777777778
rank,3,cnn_1d_dilated_image_scale + cnnlstm_image_scale + cnnlstm_cumulative_scale,0.01587171861454503,0.17931244768262913,0.17935146971131322,0.5763888888888888
rank,3,cnn_lstm_image_scale + cnnlstm_image_scale + cnnlstm_cumulative_scale,0.029053162696456778,0.2606241552426588,0.39724180805254616,0.5902777777777778
rank,4,logistic_cumulative_scale + logistic_image_scale + cnn_1d_image_scale + cnn_1d_attention_image_scale,0.034197257844784515,0.21077990830612156,0.2613223360456083,0.5763888888888888
rank,4,logistic_cumulative_scale + logistic_image_scale + cnn_1d_image_scale + cnn_1d_dilated_image_scale,0.02538696682614522,0.384648904499727,0.774650356416563,0.5763888888888888
rank,4,logistic_cumulative_scale + logistic_image_scale + cnn_1d_image_scale + cnn_lstm_image_scale,0.039897489545834636,0.3075236443145263,0.5495866233377409,0.5972222222222222
rank,4,logistic_cumulative_scale + logistic_image_scale + cnn_1d_image_scale + cnnlstm_image_scale,0.03880427842471262,0.32032456033456735,0.5920727812238804,0.5902777777777778
rank,4,logistic_cumulative_scale + logistic_image_scale + cnn_1d_image_scale + cnnlstm_cumulative_scale,0.0250857545398539,0.3017052709470099,0.5179938929500565,0.5972222222222222
rank,4,logistic_cumulative_scale + logistic_image_scale + cnn_1d_attention_image_scale + cnn_1d_dilated_image_scale,0.029792119134159516,0.2649105162277447,0.40460766008368765,0.6041666666666666
rank,4,logistic_cumulative_scale + logistic_image_scale + cnn_1d_attention_image_scale + cnn_lstm_image_scale,0.03908117889426119,0.2258356934231246,0.3050871877796957,0.6041666666666666
rank,4,logistic_cumulative_scale + logistic_image_scale + cnn_1d_attention_image_scale + cnnlstm_image_scale,0.040203958786472656,0.3537696092022351,0.6280414408314019,0.5972222222222222
rank,4,logistic_cumulative_scale + logistic_image_scale + cnn_1d_attention_image_scale + cnnlstm_cumulative_scale,0.024581050665975754,0.31754684902498553,0.5343897675863407,0.5625
rank,4,logistic_cumulative_scale + logistic_image_scale + cnn_1d_dilated_image_scale + cnn_lstm_image_scale,0.04166746689683189,0.30932188449168085,0.5504021100821117,0.6041666666666666
rank,4,logistic_cumulative_scale + logistic_image_scale + cnn_1d_dilated_image_scale + cnnlstm_image_scale,0.03958620933688095,0.29261153845117727,0.4996385317075067,0.5902777777777778
rank,4,logistic_cumulative_scale + logistic_image_scale + cnn_1d_dilated_image_scale + cnnlstm_cumulative_scale,0.017088801241739022,0.3336675935818856,0.636509303464631,0.6111111111111112
rank,4,logistic_cumulative_scale + logistic_image_scale + cnn_lstm_image_scale + cnnlstm_image_scale,0.04312099864155651,0.30242218091966516,0.5291043128616313,0.6180555555555556
rank,4,logistic_cumulative_scale + logistic_image_scale + cnn_lstm_image_scale + cnnlstm_cumulative_scale,0.028705342277547535,0.31264392603007585,0.5722902660427385,0.5972222222222222
rank,4,logistic_cumulative_scale + logistic_image_scale + cnnlstm_image_scale + cnnlstm_cumulative_scale,0.027666416379393283,0.42731314457136105,0.9186793227454804,0.5833333333333334
rank,4,logistic_cumulative_scale + cnn_1d_image_scale + cnn_1d_attention_image_scale + cnn_1d_dilated_image_scale,0.021124095409454154,0.18597559518601967,0.20145093631963595,0.5555555555555556
rank,4,logistic_cumulative_scale + cnn_1d_image_scale + cnn_1d_attention_image_scale + cnn_lstm_image_scale,0.040440796894439794,0.2218200863562477,0.2916347399934993,0.5972222222222222
rank,4,logistic_cumulative_scale + cnn_1d_image_scale + cnn_1d_attention_image_scale + cnnlstm_image_scale,0.04149176775789499,0.19202226986839474,0.21835229424184455,0.5833333333333334
rank,4,logistic_cumulative_scale + cnn_1d_image_scale + cnn_1d_attention_image_scale + cnnlstm_cumulative_scale,0.017281538475221733,0.1643710053877434,0.1546133746656706,0.5555555555555556
rank,4,logistic_cumulative_scale + cnn_1d_image_scale + cnn_1d_dilated_image_scale + cnn_lstm_image_scale,0.03050918163163279,0.2466501050758413,0.35387595539480365,0.5763888888888888
rank,4,logistic_cumulative_scale + cnn_1d_image_scale + cnn_1d_dilated_image_scale + cnnlstm_image_scale,0.02827704173112885,0.21873659366214973,0.2828384452769255,0.5555555555555556
rank,4,logistic_cumulative_scale + cnn_1d_image_scale + cnn_1d_dilated_image_scale + cnnlstm_cumulative_scale,0.0010726786972127848,0.1997275093022803,0.23861674777223207,0.5763888888888888
rank,4,logistic_cumulative_scale + cnn_1d_image_scale + cnn_lstm_image_scale + cnnlstm_image_scale,0.03826251251848854,0.40471558572551153,0.8509710359266596,0.6180555555555556
rank,4,logistic_cumulative_scale + cnn_1d_image_scale + cnn_lstm_image_scale + cnnlstm_cumulative_scale,0.020438392181204856,0.23389883431397446,0.33087968612614604,0.5902777777777778
rank,4,logistic_cumulative_scale + cnn_1d_image_scale + cnnlstm_image_scale + cnnlstm_cumulative_scale,0.020155502429246245,0.3499239567550869,0.6402418542038337,0.5902777777777778
rank,4,logistic_cumulative_scale + cnn_1d_attention_image_scale + cnn_1d_dilated_image_scale + cnn_lstm_image_scale,0.0313467446597797,0.21679693248882506,0.28198902895844546,0.5763888888888888
rank,4,logistic_cumulative_scale + cnn_1d_attention_image_scale + cnn_1d_dilated_image_scale + cnnlstm_image_scale,0.031828941657612644,0.20189334590858726,0.24379042264255313,0.5694444444444444
rank,4,logistic_cumulative_scale + cnn_1d_attention_image_scale + cnn_1d_dilated_image_scale + cnnlstm_cumulative_scale,0.013220414003106438,0.17925393285683414,0.18994151919588687,0.5555555555555556
rank,4,logistic_cumulative_scale + cnn_1d_attention_image_scale + cnn_lstm_image_scale + cnnlstm_image_scale,0.034060101895724434,0.3304597575360723,0.6180933595211451,0.5902777777777778
rank,4,logistic_cumulative_scale + cnn_1d_attention_image_scale + cnn_lstm_image_scale + cnnlstm_cumulative_scale,0.025927658282624843,0.24430112257161882,0.3611686933980538,0.5763888888888888
rank,4,logistic_cumulative_scale + cnn_1d_attention_image_scale + cnnlstm_image_scale + cnnlstm_cumulative_scale,0.02524378248730848,0.337307207612721,0.6013292091737701,0.5763888888888888
rank,4,logistic_cumulative_scale + cnn_1d_dilated_image_scale + cnn_lstm_image_scale + cnnlstm_image_scale,0.03707252564208811,0.33622330393087063,0.6323610363953913,0.6041666666666666
rank,4,logistic_cumulative_scale + cnn_1d_dilated_image_scale + cnn_lstm_image_scale + cnnlstm_cumulative_scale,0.021302890306349888,0.2587507888580684,0.397118608195119,0.6041666666666666
rank,4,logistic_cumulative_scale + cnn_1d_dilated_image_scale + cnnlstm_image_scale + cnnlstm_cumulative_scale,0.018313856827876115,0.16770291151319264,0.16226893306484347,0.5763888888888888
rank,4,logistic_cumulative_scale + cnn_lstm_image_scale + cnnlstm_image_scale + cnnlstm_cumulative_scale,0.02395071498261051,0.4896669109839265,1.0987636431449759,0.5972222222222222
rank,4,logistic_image_scale + cnn_1d_image_scale + cnn_1d_attention_image_scale + cnn_1d_dilated_image_scale,0.03260761665302119,0.26806047838011254,0.3969909135206886,0.5833333333333334
rank,4,logistic_image_scale + cnn_1d_image_scale + cnn_1d_attention_image_scale + cnn_lstm_image_scale,0.04971845063231055,0.2612349848054211,0.38760125970976667,0.5625
rank,4,logistic_image_scale + cnn_1d_image_scale + cnn_1d_attention_image_scale + cnnlstm_image_scale,0.04847110099530523,0.18898746454584292,0.20083411397758,0.5694444444444444
rank,4,logistic_image_scale + cnn_1d_image_scale + cnn_1d_attention_image_scale + cnnlstm_cumulative_scale,0.03145527343391759,0.2374278311595894,0.3262448122550994,0.5902777777777778
rank,4,logistic_image_scale + cnn_1d_image_scale + cnn_1d_dilated_image_scale + cnn_lstm_image_scale,0.041046094448001495,0.3335678446694713,0.5923165857245933,0.5694444444444444
rank,4,logistic_image_scale + cnn_1d_image_scale + cnn_1d_dilated_image_scale + cnnlstm_image_scale,0.037805878548926475,0.2317864878363364,0.3083150210406045,0.5625
rank,4,logistic_image_scale + cnn_1d_image_scale + cnn_1d_dilated_image_scale + cnnlstm_cumulative_scale,0.019610068108476555,0.06178811554696251,-0.06480491369986308,0.5416666666666666
rank,4,logistic_image_scale + cnn_1d_image_scale + cnn_lstm_image_scale + cnnlstm_image_scale,0.04591990607563798,0.21465796460819678,0.26742699260319536,0.5972222222222222
rank,4,logistic_image_scale + cnn_1d_image_scale + cnn_lstm_image_scale + cnnlstm_cumulative_scale,0.03332272755759879,0.27603075402188143,0.4327295875295416,0.5972222222222222
rank,4,logistic_image_scale + cnn_1d_image_scale + cnnlstm_image_scale + cnnlstm_cumulative_scale,0.034334504246330645,0.47938860586780935,0.9688283914002853,0.5902777777777778
rank,4,logistic_image_scale + cnn_1d_attention_image_scale + cnn_1d_dilated_image_scale + cnn_lstm_image_scale,0.04091075025704699,0.2538647750214238,0.3703877528349393,0.5694444444444444
rank,4,logistic_image_scale + cnn_1d_attention_image_scale + cnn_1d_dilated_image_scale + cnnlstm_image_scale,0.040789752601055,0.1961179487867739,0.21861133861994153,0.5694444444444444
rank,4,logistic_image_scale + cnn_1d_attention_image_scale + cnn_1d_dilated_image_scale + cnnlstm_cumulative_scale,0.02406729431402318,0.1271491044206021,0.06232685816106254,0.5625
rank,4,logistic_image_scale + cnn_1d_attention_image_scale + cnn_lstm_image_scale + cnnlstm_image_scale,0.049975477515786654,0.19823089849476963,0.22581737153538195,0.5972222222222222
rank,4,logistic_image_scale + cnn_1d_attention_image_scale + cnn_lstm_image_scale + cnnlstm_cumulative_scale,0.03401773230521922,0.24127759863273648,0.34020683233168914,0.5902777777777778
rank,4,logistic_image_scale + cnn_1d_attention_image_scale + cnnlstm_image_scale + cnnlstm_cumulative_scale,0.034648470950079384,0.41409665941534424,0.7900792524532634,0.5902777777777778
rank,4,logistic_image_scale + cnn_1d_dilated_image_scale + cnn_lstm_image_scale + cnnlstm_image_scale,0.047072086359639005,0.325304848471313,0.582089286967316,0.5902777777777778
rank,4,logistic_image_scale + cnn_1d_dilated_image_scale + cnn_lstm_image_scale + cnnlstm_cumulative_scale,0.028443903903396454,0.32331303867743916,0.5734719380935065,0.5694444444444444
rank,4,logistic_image_scale + cnn_1d_dilated_image_scale + cnnlstm_image_scale + cnnlstm_cumulative_scale,0.02571519424646342,0.4759580007658789,0.9726768171450209,0.5694444444444444
rank,4,logistic_image_scale + cnn_lstm_image_scale + cnnlstm_image_scale + cnnlstm_cumulative_scale,0.03603027588581935,0.43369311329509624,0.875443832445834,0.5555555555555556
rank,4,cnn_1d_image_scale + cnn_1d_attention_image_scale + cnn_1d_dilated_image_scale + cnn_lstm_image_scale,0.02996049061442588,0.07358094429465395,-0.051796710908071364,0.5625
rank,4,cnn_1d_image_scale + cnn_1d_attention_image_scale + cnn_1d_dilated_image_scale + cnnlstm_image_scale,0.029388835074920797,0.07145788169792916,-0.04938116558368222,0.5416666666666666
rank,4,cnn_1d_image_scale + cnn_1d_attention_image_scale + cnn_1d_dilated_image_scale + cnnlstm_cumulative_scale,0.016288327017401415,0.023766454863640117,-0.1322827787080917,0.5486111111111112
rank,4,cnn_1d_image_scale + cnn_1d_attention_image_scale + cnn_lstm_image_scale + cnnlstm_image_scale,0.044953763144156327,0.13179507315899347,0.07227392866574034,0.5555555555555556
rank,4,cnn_1d_image_scale + cnn_1d_attention_image_scale + cnn_lstm_image_scale + cnnlstm_cumulative_scale,0.02688135502244526,0.22139859469729517,0.2822750770307414,0.5694444444444444
rank,4,cnn_1d_image_scale + cnn_1d_attention_image_scale + cnnlstm_image_scale + cnnlstm_cumulative_scale,0.02752154249834276,0.19132782464190762,0.20754978724705642,0.5625
rank,4,cnn_1d_image_scale + cnn_1d_dilated_image_scale + cnn_lstm_image_scale + cnnlstm_image_scale,0.03182111375470684,0.14649533208055976,0.09727380545353559,0.5694444444444444
rank,4,cnn_1d_image_scale + cnn_1d_dilated_image_scale + cnn_lstm_image_scale + cnnlstm_cumulative_scale,0.016464642823243367,0.1305150394999366,0.06873551386765397,0.5833333333333334
rank,4,cnn_1d_image_scale + cnn_1d_dilated_image_scale + cnnlstm_image_scale + cnnlstm_cumulative_scale,0.015827244447504225,0.09950006383259226,0.0033718888131868407,0.5694444444444444
rank,4,cnn_1d_image_scale + cnn_lstm_image_scale + cnnlstm_image_scale + cnnlstm_cumulative_scale,0.028246937006874123,0.17484705086428132,0.1683768718701535,0.5694444444444444
rank,4,cnn_1d_attention_image_scale + cnn_1d_dilated_image_scale + cnn_lstm_image_scale + cnnlstm_image_scale,0.04033462579086475,0.12144677007752266,0.03917090715381066,0.5555555555555556
rank,4,cnn_1d_attention_image_scale + cnn_1d_dilated_image_scale + cnn_lstm_image_scale + cnnlstm_cumulative_scale,0.021851476423105958,0.10817917060921262,0.017834150366976997,0.5763888888888888
rank,4,cnn_1d_attention_image_scale + cnn_1d_dilated_image_scale + cnnlstm_image_scale + cnnlstm_cumulative_scale,0.02061062106615752,0.05143885883890188,-0.09310035249673554,0.5694444444444444
rank,4,cnn_1d_attention_image_scale + cnn_lstm_image_scale + cnnlstm_image_scale + cnnlstm_cumulative_scale,0.03078067406067186,0.16153915237695765,0.13661189442438593,0.5902777777777778
rank,4,cnn_1d_dilated_image_scale + cnn_lstm_image_scale + cnnlstm_image_scale + cnnlstm_cumulative_scale,0.02469815387079762,0.18697073208980658,0.19782113704324522,0.5555555555555556
